"","recordTime","cognitoId","device","sensorname","x","y","z"
"1",1423452116.988,"eu-west-1:84c07429-eaa3-4d2a-ac42-29ee31f48ff4","iPhone","screenAccG",0.268000941483874,-9.58294192850962,1.55682961695851
"2",1423452117.322,"eu-west-1:84c07429-eaa3-4d2a-ac42-29ee31f48ff4","iPhone","screenAccG",0.0466869323730469,-2.8968343711853,-9.68200194913335
"3",1423452117.664,"eu-west-1:84c07429-eaa3-4d2a-ac42-29ee31f48ff4","iPhone","screenAccG",0.130633628082275,-3.17935016708374,-9.52054326693751
"4",1423452118,"eu-west-1:84c07429-eaa3-4d2a-ac42-29ee31f48ff4","iPhone","screenAccG",0.142305361175537,-3.21122297668457,-9.65790992960185
"5",1423452118.335,"eu-west-1:84c07429-eaa3-4d2a-ac42-29ee31f48ff4","iPhone","screenAccG",0.1402104347229,-3.21167218175679,-9.68888505971059
"6",1423452118.671,"eu-west-1:84c07429-eaa3-4d2a-ac42-29ee31f48ff4","iPhone","screenAccG",-0.386513930511475,-4.3846813576296,-8.12771608581543
"7",1423452119.004,"eu-west-1:84c07429-eaa3-4d2a-ac42-29ee31f48ff4","iPhone","screenAccG",2.02654214078374,-3.71056336816996,-8.88832387959584
"8",1423452119.342,"eu-west-1:84c07429-eaa3-4d2a-ac42-29ee31f48ff4","iPhone","screenAccG",1.51119019690249,-3.87501509470195,-8.9272300949648
"9",1423452119.676,"eu-west-1:84c07429-eaa3-4d2a-ac42-29ee31f48ff4","iPhone","screenAccG",1.2641384765625,-4.36702368199453,-9.76145944366455
"10",1423452120.041,"eu-west-1:84c07429-eaa3-4d2a-ac42-29ee31f48ff4","iPhone","screenAccG",0.677259794616699,-4.91469745788574,-8.43447331965342
"11",1423452120.376,"eu-west-1:84c07429-eaa3-4d2a-ac42-29ee31f48ff4","iPhone","screenAccG",1.25545964167491,-5.27293002741709,-9.34232451553345
"12",1423452120.71,"eu-west-1:84c07429-eaa3-4d2a-ac42-29ee31f48ff4","iPhone","screenAccG",0.183006789398193,-5.66976866032705,-8.60820243148804
"13",1423452121.043,"eu-west-1:84c07429-eaa3-4d2a-ac42-29ee31f48ff4","iPhone","screenAccG",-0.219668002319336,-5.81297184712514,-7.51509958989248
"14",1423452121.379,"eu-west-1:84c07429-eaa3-4d2a-ac42-29ee31f48ff4","iPhone","screenAccG",0.632518151092529,-7.32146862195888,-8.52859551854879
"15",1423452121.715,"eu-west-1:84c07429-eaa3-4d2a-ac42-29ee31f48ff4","iPhone","screenAccG",1.78233364451304,-6.87315412363261,-6.68610726506337
"16",1423452122.049,"eu-west-1:84c07429-eaa3-4d2a-ac42-29ee31f48ff4","iPhone","screenAccG",2.55925186403804,-7.46093114265762,-7.82933870391846
"17",1423452122.383,"eu-west-1:84c07429-eaa3-4d2a-ac42-29ee31f48ff4","iPhone","screenAccG",1.28269339329824,-8.35965466390401,-4.55272409439087
"18",1423452122.717,"eu-west-1:84c07429-eaa3-4d2a-ac42-29ee31f48ff4","iPhone","screenAccG",0.00209492645263672,-7.14474666671753,-4.88162769358531
"19",1423452123.051,"eu-west-1:84c07429-eaa3-4d2a-ac42-29ee31f48ff4","iPhone","screenAccG",-1.47707264058217,-7.60548084869385,-7.86181035619527
"20",1423452123.388,"eu-west-1:84c07429-eaa3-4d2a-ac42-29ee31f48ff4","iPhone","screenAccG",-3.7825394391709,-8.0772882316147,-7.31967287938222
"21",1423452123.722,"eu-west-1:84c07429-eaa3-4d2a-ac42-29ee31f48ff4","iPhone","screenAccG",-2.73343007134702,-7.1561189784728,-7.17781686940938
"22",1423452124.056,"eu-west-1:84c07429-eaa3-4d2a-ac42-29ee31f48ff4","iPhone","screenAccG",-2.96147792560738,-6.39117169418335,-6.16895972473593
"23",1423452124.392,"eu-west-1:84c07429-eaa3-4d2a-ac42-29ee31f48ff4","iPhone","screenAccG",-0.5232827003479,-8.12337652224116,-4.85633886548467
"24",1423452124.726,"eu-west-1:84c07429-eaa3-4d2a-ac42-29ee31f48ff4","iPhone","screenAccG",-2.68315187301636,-5.85831247945577,-7.60188954620361
"25",1423452125.062,"eu-west-1:84c07429-eaa3-4d2a-ac42-29ee31f48ff4","iPhone","screenAccG",-0.254533563995361,-6.99002114696791,-6.99017087590322
"26",1423452125.397,"eu-west-1:84c07429-eaa3-4d2a-ac42-29ee31f48ff4","iPhone","screenAccG",0.53016603012085,-6.45820926760249,-7.9599724781312
"27",1423452125.732,"eu-west-1:84c07429-eaa3-4d2a-ac42-29ee31f48ff4","iPhone","screenAccG",0.0700303985595703,-6.45147550236806,-6.91475345054306
"28",1423452126.068,"eu-west-1:84c07429-eaa3-4d2a-ac42-29ee31f48ff4","iPhone","screenAccG",1.78218386077881,-5.08079505192861,-8.47996293200068
"29",1423452126.401,"eu-west-1:84c07429-eaa3-4d2a-ac42-29ee31f48ff4","iPhone","screenAccG",1.33162503585815,-4.61213036921397,-8.13849025814761
"30",1423452126.776,"eu-west-1:84c07429-eaa3-4d2a-ac42-29ee31f48ff4","iPhone","screenAccG",1.24214174880981,-3.79675492019653,-11.6189110191345
"31",1423452127.112,"eu-west-1:84c07429-eaa3-4d2a-ac42-29ee31f48ff4","iPhone","screenAccG",2.84954903452769,-1.66142631454468,-7.95383719024658
"32",1423452127.447,"eu-west-1:84c07429-eaa3-4d2a-ac42-29ee31f48ff4","iPhone","screenAccG",0.334440044403076,-2.69661925735474,-8.44554613700546
"33",1423452127.782,"eu-west-1:84c07429-eaa3-4d2a-ac42-29ee31f48ff4","iPhone","screenAccG",-0.431105936431885,-5.43393994293213,-7.39853175043315
"34",1423452128.115,"eu-west-1:84c07429-eaa3-4d2a-ac42-29ee31f48ff4","iPhone","screenAccG",0.131082540893555,-5.20005636825562,-8.52021544741206
"35",1423452128.45,"eu-west-1:84c07429-eaa3-4d2a-ac42-29ee31f48ff4","iPhone","screenAccG",2.59292039794922,-1.37531928922124,-10.4919902252197
"36",1423452128.784,"eu-west-1:84c07429-eaa3-4d2a-ac42-29ee31f48ff4","iPhone","screenAccG",0.139761521911621,-3.19820443209223,-9.55241595780733
"37",1423452129.117,"eu-west-1:84c07429-eaa3-4d2a-ac42-29ee31f48ff4","iPhone","screenAccG",-2.94397028943487,-5.33727419703379,-8.10212812863775
"38",1423452129.452,"eu-west-1:84c07429-eaa3-4d2a-ac42-29ee31f48ff4","iPhone","screenAccG",-4.10994642486572,-6.03712934288345,-7.91897184776627
"39",1423452129.788,"eu-west-1:84c07429-eaa3-4d2a-ac42-29ee31f48ff4","iPhone","screenAccG",-1.56356346781626,-4.92741658114009,-8.03509055521861
"40",1423452130.122,"eu-west-1:84c07429-eaa3-4d2a-ac42-29ee31f48ff4","iPhone","screenAccG",1.30573773040771,-3.26195012435913,-10.0231756126404
"41",1423452130.457,"eu-west-1:84c07429-eaa3-4d2a-ac42-29ee31f48ff4","iPhone","screenAccG",1.71873766291514,-3.73001665851753,-8.81425355799571
"42",1423452130.792,"eu-west-1:84c07429-eaa3-4d2a-ac42-29ee31f48ff4","iPhone","screenAccG",0.470759901428223,-5.02483086211709,-8.55343515984351
"43",1423452131.126,"eu-west-1:84c07429-eaa3-4d2a-ac42-29ee31f48ff4","iPhone","screenAccG",-0.731278969573975,-5.79022693135366,-9.30087486275937
"44",1423452131.46,"eu-west-1:84c07429-eaa3-4d2a-ac42-29ee31f48ff4","iPhone","screenAccG",-0.956782838439941,-3.77775101758428,-9.85483338147588
"45",1423452131.795,"eu-west-1:84c07429-eaa3-4d2a-ac42-29ee31f48ff4","iPhone","screenAccG",0.0742202514648437,-4.34846883832402,-9.0249428930975
"46",1423452132.128,"eu-west-1:84c07429-eaa3-4d2a-ac42-29ee31f48ff4","iPhone","screenAccG",1.25575880728457,-3.59953252190854,-7.18664534190074
"47",1423452132.462,"eu-west-1:84c07429-eaa3-4d2a-ac42-29ee31f48ff4","iPhone","screenAccG",2.10749601135254,-4.03632465075068,-9.58937627240606
"48",1423452132.796,"eu-west-1:84c07429-eaa3-4d2a-ac42-29ee31f48ff4","iPhone","screenAccG",0.964863269042969,-2.97404744779058,-10.1855324127197
"49",1423452133.13,"eu-west-1:84c07429-eaa3-4d2a-ac42-29ee31f48ff4","iPhone","screenAccG",-0.500986697387695,-4.86681357081309,-7.11975704075918
"50",1423452133.466,"eu-west-1:84c07429-eaa3-4d2a-ac42-29ee31f48ff4","iPhone","screenAccG",1.41676886893008,-3.58606513757017,-9.67317351317462
"51",1423452133.8,"eu-west-1:84c07429-eaa3-4d2a-ac42-29ee31f48ff4","iPhone","screenAccG",1.37696524806367,-2.03731612131968,-9.57740504490957
"52",1423452134.138,"eu-west-1:84c07429-eaa3-4d2a-ac42-29ee31f48ff4","iPhone","screenAccG",2.551321144104,-3.32569578009341,-9.41504866495533
"53",1423452134.471,"eu-west-1:84c07429-eaa3-4d2a-ac42-29ee31f48ff4","iPhone","screenAccG",1.95950434816889,-3.13819996533041,-10.2543659296449
"54",1423452134.807,"eu-west-1:84c07429-eaa3-4d2a-ac42-29ee31f48ff4","iPhone","screenAccG",0.0457891067504883,-5.00702387767183,-8.92992331610415
"55",1423452135.142,"eu-west-1:84c07429-eaa3-4d2a-ac42-29ee31f48ff4","iPhone","screenAccG",-0.211587589982618,-7.20175837455429,-7.82185675066523
"56",1423452135.476,"eu-west-1:84c07429-eaa3-4d2a-ac42-29ee31f48ff4","iPhone","screenAccG",1.6371850227356,-5.82673876239937,-7.36142180736381
"57",1423452135.811,"eu-west-1:84c07429-eaa3-4d2a-ac42-29ee31f48ff4","iPhone","screenAccG",2.3898621331146,-0.359429487698339,-10.5313449880738
"58",1423452136.148,"eu-west-1:84c07429-eaa3-4d2a-ac42-29ee31f48ff4","iPhone","screenAccG",1.35915837778284,-1.06721539001465,-9.87593232013863
"59",1423452136.482,"eu-west-1:84c07429-eaa3-4d2a-ac42-29ee31f48ff4","iPhone","screenAccG",1.12736972499238,-4.6936825710021,-9.78360566289052
"60",1423452136.815,"eu-west-1:84c07429-eaa3-4d2a-ac42-29ee31f48ff4","iPhone","screenAccG",0.536899730852371,-6.09848032203354,-7.05870519068614
"61",1423452137.149,"eu-west-1:84c07429-eaa3-4d2a-ac42-29ee31f48ff4","iPhone","screenAccG",2.19069451904297,-1.73040924987793,-10.3119761878967
"62",1423452137.483,"eu-west-1:84c07429-eaa3-4d2a-ac42-29ee31f48ff4","iPhone","screenAccG",4.06984347399287,-2.0748749954666,-8.55702626140434
"63",1423452137.816,"eu-west-1:84c07429-eaa3-4d2a-ac42-29ee31f48ff4","iPhone","screenAccG",5.45997710518204,-2.14310979757998,-7.70424161237637
"64",1423452138.171,"eu-west-1:84c07429-eaa3-4d2a-ac42-29ee31f48ff4","iPhone","screenAccG",-0.940322775091603,-4.17339265926201,-8.77504832314756
"65",1423452138.506,"eu-west-1:84c07429-eaa3-4d2a-ac42-29ee31f48ff4","iPhone","screenAccG",-5.61559970163554,-6.04820223330073,-6.23644626576528
"66",1423452138.84,"eu-west-1:84c07429-eaa3-4d2a-ac42-29ee31f48ff4","iPhone","screenAccG",-2.5020903302262,-2.69033444146421,-8.99277115963019
"67",1423452139.174,"eu-west-1:84c07429-eaa3-4d2a-ac42-29ee31f48ff4","iPhone","screenAccG",1.32234750442505,-2.68838931701211,-9.56707999545121
"68",1423452139.508,"eu-west-1:84c07429-eaa3-4d2a-ac42-29ee31f48ff4","iPhone","screenAccG",0.117764794158936,-3.2692824400086,-9.28755704295952
"69",1423452139.842,"eu-west-1:84c07429-eaa3-4d2a-ac42-29ee31f48ff4","iPhone","screenAccG",-0.944811848405469,-4.70715024760142,-8.41307492312007
"70",1423452140.178,"eu-west-1:84c07429-eaa3-4d2a-ac42-29ee31f48ff4","iPhone","screenAccG",-0.131830719779199,-4.55227529117744,-9.93982732121572
"71",1423452140.512,"eu-west-1:84c07429-eaa3-4d2a-ac42-29ee31f48ff4","iPhone","screenAccG",-0.30002339553833,-3.91960728328545,-10.6522522449769
"72",1423452140.847,"eu-west-1:84c07429-eaa3-4d2a-ac42-29ee31f48ff4","iPhone","screenAccG",-0.756418068739306,-3.9486370880127,-9.56004726553652
"73",1423452141.181,"eu-west-1:84c07429-eaa3-4d2a-ac42-29ee31f48ff4","iPhone","screenAccG",-3.22888021392822,-1.83829799872134,-11.3690162208557
"74",1423452141.517,"eu-west-1:84c07429-eaa3-4d2a-ac42-29ee31f48ff4","iPhone","screenAccG",-2.03402398443911,-1.84069216384888,-9.86411105903946
"75",1423452141.852,"eu-west-1:84c07429-eaa3-4d2a-ac42-29ee31f48ff4","iPhone","screenAccG",-3.37791936317107,-0.555305165818799,-9.58249301569834
"76",1423452142.186,"eu-west-1:84c07429-eaa3-4d2a-ac42-29ee31f48ff4","iPhone","screenAccG",-3.42325938814692,-2.19757784881592,-8.53637641821597
"77",1423452142.521,"eu-west-1:84c07429-eaa3-4d2a-ac42-29ee31f48ff4","iPhone","screenAccG",-5.27861589103378,-0.782455030059814,-8.12681800446454
"78",1423452142.855,"eu-west-1:84c07429-eaa3-4d2a-ac42-29ee31f48ff4","iPhone","screenAccG",-0.15951368560791,-6.14905805130005,-8.37416896347944
"79",1423452143.192,"eu-west-1:84c07429-eaa3-4d2a-ac42-29ee31f48ff4","iPhone","screenAccG",-0.321122261135839,-3.60866059840098,-9.58623359046616
"80",1423452143.526,"eu-west-1:84c07429-eaa3-4d2a-ac42-29ee31f48ff4","iPhone","screenAccG",0.575805481001269,-2.64155247304067,-9.67332271238696
"81",1423452143.859,"eu-west-1:84c07429-eaa3-4d2a-ac42-29ee31f48ff4","iPhone","screenAccG",1.07739082013555,-4.33784449539185,-10.4532342319764
"82",1423452144.235,"eu-west-1:84c07429-eaa3-4d2a-ac42-29ee31f48ff4","iPhone","screenAccG",2.91972892456055,-2.46019191647954,-9.76624813924581
"83",1423452144.576,"eu-west-1:84c07429-eaa3-4d2a-ac42-29ee31f48ff4","iPhone","screenAccG",1.20383449484785,-3.78792637463994,-9.42537333082119
"84",1423452144.912,"eu-west-1:84c07429-eaa3-4d2a-ac42-29ee31f48ff4","iPhone","screenAccG",0.821959381426923,-2.46812252681572,-9.52263802899336
"85",1423452145.245,"eu-west-1:84c07429-eaa3-4d2a-ac42-29ee31f48ff4","iPhone","screenAccG",0.339677360534668,-2.4675240129333,-8.91181720258184
"86",1423452145.579,"eu-west-1:84c07429-eaa3-4d2a-ac42-29ee31f48ff4","iPhone","screenAccG",0.706888040161133,-3.51977573390352,-9.87174213843979
"87",1423452145.921,"eu-west-1:84c07429-eaa3-4d2a-ac42-29ee31f48ff4","iPhone","screenAccG",1.38295073394775,-2.83802664677724,-8.26313819028325
"88",1423452146.256,"eu-west-1:84c07429-eaa3-4d2a-ac42-29ee31f48ff4","iPhone","screenAccG",1.6442179901123,-3.57199913888467,-9.56603255049121
"89",1423452146.593,"eu-west-1:84c07429-eaa3-4d2a-ac42-29ee31f48ff4","iPhone","screenAccG",0.284610704084765,-4.93834019927978,-9.02494291136381
"90",1423452146.928,"eu-west-1:84c07429-eaa3-4d2a-ac42-29ee31f48ff4","iPhone","screenAccG",-3.24189875852056,-3.55045142440796,-8.74182853765087
"91",1423452147.262,"eu-west-1:84c07429-eaa3-4d2a-ac42-29ee31f48ff4","iPhone","screenAccG",-0.27443536529541,-3.96868863651436,-9.3785365964476
"92",1423452147.596,"eu-west-1:84c07429-eaa3-4d2a-ac42-29ee31f48ff4","iPhone","screenAccG",2.51765253712758,-4.36627556704096,-9.18834727513418
"93",1423452147.93,"eu-west-1:84c07429-eaa3-4d2a-ac42-29ee31f48ff4","iPhone","screenAccG",5.31408036845103,-3.40844519230947,-7.69092421270162
"94",1423452148.268,"eu-west-1:84c07429-eaa3-4d2a-ac42-29ee31f48ff4","iPhone","screenAccG",1.56984813757632,-7.26984355733022,-7.63331344299316
"95",1423452148.602,"eu-west-1:84c07429-eaa3-4d2a-ac42-29ee31f48ff4","iPhone","screenAccG",-0.685190587615967,-7.41499236177076,-5.12478865356445
"96",1423452148.936,"eu-west-1:84c07429-eaa3-4d2a-ac42-29ee31f48ff4","iPhone","screenAccG",-0.397736759926612,-1.81226101913452,-9.81009180188379
"97",1423452149.275,"eu-west-1:84c07429-eaa3-4d2a-ac42-29ee31f48ff4","iPhone","screenAccG",0.137068045043945,3.48027138824463,-9.99878446403183
"98",1423452149.609,"eu-west-1:84c07429-eaa3-4d2a-ac42-29ee31f48ff4","iPhone","screenAccG",0.131381816101074,2.34616798934936,-10.4637084989134
"99",1423452149.942,"eu-west-1:84c07429-eaa3-4d2a-ac42-29ee31f48ff4","iPhone","screenAccG",0.479139643771388,-1.50415715646055,-10.4521864764892
"100",1423452150.278,"eu-west-1:84c07429-eaa3-4d2a-ac42-29ee31f48ff4","iPhone","screenAccG",1.4404115737915,-0.142754273986816,-10.9693341812134
"101",1423452150.615,"eu-west-1:84c07429-eaa3-4d2a-ac42-29ee31f48ff4","iPhone","screenAccG",1.47826988754272,1.78757084191362,-10.0885671724182
"102",1423452150.95,"eu-west-1:84c07429-eaa3-4d2a-ac42-29ee31f48ff4","iPhone","screenAccG",0.877325289109815,-1.38265140394131,-10.2352122067658
"103",1423452151.283,"eu-west-1:84c07429-eaa3-4d2a-ac42-29ee31f48ff4","iPhone","screenAccG",1.33551558615644,-4.01447777979746,-9.51575460788887
"104",1423452151.619,"eu-west-1:84c07429-eaa3-4d2a-ac42-29ee31f48ff4","iPhone","screenAccG",0.047884033203125,1.4451999405792,-9.92695875215386
"105",1423452151.953,"eu-west-1:84c07429-eaa3-4d2a-ac42-29ee31f48ff4","iPhone","screenAccG",1.23480950622559,-1.75285485390928,-9.78240870819092
"106",1423452152.287,"eu-west-1:84c07429-eaa3-4d2a-ac42-29ee31f48ff4","iPhone","screenAccG",4.89075564221358,-1.70601830219878,-8.86887099110708
"107",1423452152.621,"eu-west-1:84c07429-eaa3-4d2a-ac42-29ee31f48ff4","iPhone","screenAccG",-0.713023181915283,-7.1323268186707,-6.99002146662832
"108",1423452152.954,"eu-west-1:84c07429-eaa3-4d2a-ac42-29ee31f48ff4","iPhone","screenAccG",-0.646883287988231,-7.99453847233877,-5.576693924658
"109",1423452153.288,"eu-west-1:84c07429-eaa3-4d2a-ac42-29ee31f48ff4","iPhone","screenAccG",-2.27374338912964,-1.73175602484439,-9.63426766313184
"110",1423452153.621,"eu-west-1:84c07429-eaa3-4d2a-ac42-29ee31f48ff4","iPhone","screenAccG",-3.4204163102081,2.19533332129214,-9.30431681990679
"111",1423452153.955,"eu-west-1:84c07429-eaa3-4d2a-ac42-29ee31f48ff4","iPhone","screenAccG",-3.70861849944619,-0.575206985385157,-9.89164423200078
"112",1423452154.289,"eu-west-1:84c07429-eaa3-4d2a-ac42-29ee31f48ff4","iPhone","screenAccG",-7.38835686830152,-0.383221884962451,-7.08653774845283
"113",1423452154.626,"eu-west-1:84c07429-eaa3-4d2a-ac42-29ee31f48ff4","iPhone","screenAccG",-0.121655371856689,-7.97299105925616,-4.7863084669251
"114",1423452154.961,"eu-west-1:84c07429-eaa3-4d2a-ac42-29ee31f48ff4","iPhone","screenAccG",-0.276230980007909,-8.06471887382828,-5.36780018600239
"115",1423452155.295,"eu-west-1:84c07429-eaa3-4d2a-ac42-29ee31f48ff4","iPhone","screenAccG",0.598550415039062,-7.94306335584111,-5.66273613134176
"116",1423452155.628,"eu-west-1:84c07429-eaa3-4d2a-ac42-29ee31f48ff4","iPhone","screenAccG",-0.885106426239014,-9.63262153989263,-3.33467410481765
"117",1423452155.967,"eu-west-1:84c07429-eaa3-4d2a-ac42-29ee31f48ff4","iPhone","screenAccG",-0.661098915144335,-8.26822606060733,-5.21472106348663
"118",1423452156.301,"eu-west-1:84c07429-eaa3-4d2a-ac42-29ee31f48ff4","iPhone","screenAccG",-0.252887532087695,-8.89206485622246,-5.64358222579956
"119",1423452156.639,"eu-west-1:84c07429-eaa3-4d2a-ac42-29ee31f48ff4","iPhone","screenAccG",2.17124161228789,-8.16766928948667,-6.43965442393199
"120",1423452156.973,"eu-west-1:84c07429-eaa3-4d2a-ac42-29ee31f48ff4","iPhone","screenAccG",5.62203441085815,-4.5374609126769,-6.8498111963022
"121",1423452157.308,"eu-west-1:84c07429-eaa3-4d2a-ac42-29ee31f48ff4","iPhone","screenAccG",0.173729294497706,-6.20487316976339,-8.57423469543457
"122",1423452157.642,"eu-west-1:84c07429-eaa3-4d2a-ac42-29ee31f48ff4","iPhone","screenAccG",1.1875240234375,-5.48481668596961,-8.98573788657822
"123",1423452157.975,"eu-west-1:84c07429-eaa3-4d2a-ac42-29ee31f48ff4","iPhone","screenAccG",2.36606979064941,-3.72193619138189,-8.85480498328842
"124",1423452158.311,"eu-west-1:84c07429-eaa3-4d2a-ac42-29ee31f48ff4","iPhone","screenAccG",1.24453593220366,-4.59462271477515,-8.94668276425786
"125",1423452158.645,"eu-west-1:84c07429-eaa3-4d2a-ac42-29ee31f48ff4","iPhone","screenAccG",0.595258406022657,-5.018246620322,-9.1183168765746
"126",1423452158.979,"eu-west-1:84c07429-eaa3-4d2a-ac42-29ee31f48ff4","iPhone","screenAccG",0.637755462657544,-4.46189421503916,-9.76160878900737
"127",1423452159.327,"eu-west-1:84c07429-eaa3-4d2a-ac42-29ee31f48ff4","iPhone","screenAccG",-0.0514753356933594,-4.60075794786084,-10.0011785926268
"128",1423452159.666,"eu-west-1:84c07429-eaa3-4d2a-ac42-29ee31f48ff4","iPhone","screenAccG",1.00511574792173,-4.88566781755527,-8.77265408495478
"129",1423452160,"eu-west-1:84c07429-eaa3-4d2a-ac42-29ee31f48ff4","iPhone","screenAccG",1.07754038467407,-4.4394485744752,-9.39005913032852
"130",1423452160.333,"eu-west-1:84c07429-eaa3-4d2a-ac42-29ee31f48ff4","iPhone","screenAccG",1.82019181213379,-4.45082092276309,-9.1482446895875
"131",1423452160.667,"eu-west-1:84c07429-eaa3-4d2a-ac42-29ee31f48ff4","iPhone","screenAccG",1.22134214015352,-5.09486098668203,-8.94144517413164
"132",1423452161.001,"eu-west-1:84c07429-eaa3-4d2a-ac42-29ee31f48ff4","iPhone","screenAccG",0.902165113067627,-4.97081146796411,-8.83639986855322
"133",1423452161.336,"eu-west-1:84c07429-eaa3-4d2a-ac42-29ee31f48ff4","iPhone","screenAccG",0.095019805322215,-2.78625221853945,-9.54628049639277
"134",1423452161.67,"eu-west-1:84c07429-eaa3-4d2a-ac42-29ee31f48ff4","iPhone","screenAccG",1.19814829330444,-1.30873044595029,-10.9854950424194
"135",1423452162.003,"eu-west-1:84c07429-eaa3-4d2a-ac42-29ee31f48ff4","iPhone","screenAccG",1.21191495285034,0.977133552551269,-11.6093343586244
"136",1423452162.339,"eu-west-1:84c07429-eaa3-4d2a-ac42-29ee31f48ff4","iPhone","screenAccG",1.79520236883853,0.0288800575256348,-10.7534069728576
"137",1423452162.681,"eu-west-1:84c07429-eaa3-4d2a-ac42-29ee31f48ff4","iPhone","screenAccG",0.714220261054119,-3.56092598360591,-9.83687708822042
"138",1423452163.017,"eu-west-1:84c07429-eaa3-4d2a-ac42-29ee31f48ff4","iPhone","screenAccG",0.026785131072998,-6.68371309993584,-7.05391640377333
"139",1423452163.352,"eu-west-1:84c07429-eaa3-4d2a-ac42-29ee31f48ff4","iPhone","screenAccG",-1.04327333688047,-7.46078148678755,-5.38755257802755
"140",1423452163.686,"eu-west-1:84c07429-eaa3-4d2a-ac42-29ee31f48ff4","iPhone","screenAccG",-0.159513690174487,-6.54918900375366,-7.52662205070816
"141",1423452164.02,"eu-west-1:84c07429-eaa3-4d2a-ac42-29ee31f48ff4","iPhone","screenAccG",0.276829566955566,-2.71876564097749,-10.5157828964785
"142",1423452164.355,"eu-west-1:84c07429-eaa3-4d2a-ac42-29ee31f48ff4","iPhone","screenAccG",0.180313312530518,-1.98584065861839,-10.3019504684448
"143",1423452164.691,"eu-west-1:84c07429-eaa3-4d2a-ac42-29ee31f48ff4","iPhone","screenAccG",0.0302267959594727,-5.67755009428377,-8.04137522497866
"144",1423452165.025,"eu-west-1:84c07429-eaa3-4d2a-ac42-29ee31f48ff4","iPhone","screenAccG",-2.3557448142563,-6.63538019045405,-7.28196418496845
"145",1423452165.359,"eu-west-1:84c07429-eaa3-4d2a-ac42-29ee31f48ff4","iPhone","screenAccG",-3.5880105360169,-6.76900638794843,-6.22851581982588
"146",1423452165.694,"eu-west-1:84c07429-eaa3-4d2a-ac42-29ee31f48ff4","iPhone","screenAccG",-2.33000716467593,-6.18033201822489,-7.74569130168306
"147",1423452166.029,"eu-west-1:84c07429-eaa3-4d2a-ac42-29ee31f48ff4","iPhone","screenAccG",0.130783283952344,-6.0585275202211,-8.49492665584404
"148",1423452166.364,"eu-west-1:84c07429-eaa3-4d2a-ac42-29ee31f48ff4","iPhone","screenAccG",1.83650236117595,-6.06675735096587,-7.68029941767829
"149",1423452166.699,"eu-west-1:84c07429-eaa3-4d2a-ac42-29ee31f48ff4","iPhone","screenAccG",2.08235690219782,-6.39221944967061,-7.49774206168118
"150",1423452167.033,"eu-west-1:84c07429-eaa3-4d2a-ac42-29ee31f48ff4","iPhone","screenAccG",-0.602889887281787,-6.38563517590947,-7.89458058042671
"151",1423452167.369,"eu-west-1:84c07429-eaa3-4d2a-ac42-29ee31f48ff4","iPhone","screenAccG",0.12584522932854,-4.24417141023716,-8.98439107507914
"152",1423452167.703,"eu-west-1:84c07429-eaa3-4d2a-ac42-29ee31f48ff4","iPhone","screenAccG",0.769586223535938,-1.28808049316406,-10.2533183568208
"153",1423452168.037,"eu-west-1:84c07429-eaa3-4d2a-ac42-29ee31f48ff4","iPhone","screenAccG",1.3165116013458,-1.31366845034175,-10.6803837491576
"154",1423452168.375,"eu-west-1:84c07429-eaa3-4d2a-ac42-29ee31f48ff4","iPhone","screenAccG",0.442927307128906,-6.47616578005366,-7.60368497825302
"155",1423452168.709,"eu-west-1:84c07429-eaa3-4d2a-ac42-29ee31f48ff4","iPhone","screenAccG",0.594510218003858,-8.19654921001499,-5.4468089503854
"156",1423452169.043,"eu-west-1:84c07429-eaa3-4d2a-ac42-29ee31f48ff4","iPhone","screenAccG",0.622342762070824,-5.92505077766739,-8.68451790166646
"157",1423452169.377,"eu-west-1:84c07429-eaa3-4d2a-ac42-29ee31f48ff4","iPhone","screenAccG",0.264409645843506,-3.80797774047852,-9.36716435775757
"158",1423452169.715,"eu-west-1:84c07429-eaa3-4d2a-ac42-29ee31f48ff4","iPhone","screenAccG",1.48814595112456,-4.29504815898286,-9.56333947548233
"159",1423452170.048,"eu-west-1:84c07429-eaa3-4d2a-ac42-29ee31f48ff4","iPhone","screenAccG",1.45761997128911,-4.03437947149966,-9.14794552397784
"160",1423452170.383,"eu-west-1:84c07429-eaa3-4d2a-ac42-29ee31f48ff4","iPhone","screenAccG",1.68267485427856,-4.55586641100459,-9.27917751981206
"161",1423452170.716,"eu-west-1:84c07429-eaa3-4d2a-ac42-29ee31f48ff4","iPhone","screenAccG",1.42335292349551,-4.6499885003021,-10.3483379794799
"162",1423452171.052,"eu-west-1:84c07429-eaa3-4d2a-ac42-29ee31f48ff4","iPhone","screenAccG",1.02486794815063,-4.71178887175408,-8.67000286230552
"163",1423452171.388,"eu-west-1:84c07429-eaa3-4d2a-ac42-29ee31f48ff4","iPhone","screenAccG",0.687435169938672,-5.98146415428482,-9.43180780258179
"164",1423452171.726,"eu-west-1:84c07429-eaa3-4d2a-ac42-29ee31f48ff4","iPhone","screenAccG",1.42065944662783,-4.82311920785215,-8.54086536366567
"165",1423452172.062,"eu-west-1:84c07429-eaa3-4d2a-ac42-29ee31f48ff4","iPhone","screenAccG",0.781706805508397,-5.16863243493345,-8.77579643810112
"166",1423452172.396,"eu-west-1:84c07429-eaa3-4d2a-ac42-29ee31f48ff4","iPhone","screenAccG",1.28299275070415,-3.94758940559067,-7.95503454680499
"167",1423452172.731,"eu-west-1:84c07429-eaa3-4d2a-ac42-29ee31f48ff4","iPhone","screenAccG",1.31890580300596,-4.24222599352412,-10.2079777610227
"168",1423452173.065,"eu-west-1:84c07429-eaa3-4d2a-ac42-29ee31f48ff4","iPhone","screenAccG",1.11779290008545,-4.63337879935,-9.03766253694165
"169",1423452173.398,"eu-west-1:84c07429-eaa3-4d2a-ac42-29ee31f48ff4","iPhone","screenAccG",1.19485630255435,-5.97592734375,-9.05142879462875
"170",1423452173.735,"eu-west-1:84c07429-eaa3-4d2a-ac42-29ee31f48ff4","iPhone","screenAccG",0.285658176444238,-3.64277767979726,-9.86545787053853
"171",1423452174.069,"eu-west-1:84c07429-eaa3-4d2a-ac42-29ee31f48ff4","iPhone","screenAccG",0.938826298589306,-4.85484255794573,-8.22917014370253
"172",1423452174.403,"eu-west-1:84c07429-eaa3-4d2a-ac42-29ee31f48ff4","iPhone","screenAccG",0.374692559814453,-5.37139135149531,-11.7737862312868
"173",1423452174.738,"eu-west-1:84c07429-eaa3-4d2a-ac42-29ee31f48ff4","iPhone","screenAccG",1.65693716816558,-4.70101497798311,-11.1520414031431
"174",1423452175.074,"eu-west-1:84c07429-eaa3-4d2a-ac42-29ee31f48ff4","iPhone","screenAccG",1.3124714225769,-4.98816963092964,-8.43581993935625
"175",1423452175.409,"eu-west-1:84c07429-eaa3-4d2a-ac42-29ee31f48ff4","iPhone","screenAccG",1.35721306610107,-5.17192422475414,-11.1942397919253
"176",1423452175.744,"eu-west-1:84c07429-eaa3-4d2a-ac42-29ee31f48ff4","iPhone","screenAccG",0.119710083007812,-4.55826046653427,-8.25251397521524
"177",1423452176.078,"eu-west-1:84c07429-eaa3-4d2a-ac42-29ee31f48ff4","iPhone","screenAccG",0.453401975924708,-5.14828166602319,-9.52622934974991
"178",1423452176.415,"eu-west-1:84c07429-eaa3-4d2a-ac42-29ee31f48ff4","iPhone","screenAccG",1.51178871078491,-3.71265844075307,-8.89730231848452
"179",1423452176.751,"eu-west-1:84c07429-eaa3-4d2a-ac42-29ee31f48ff4","iPhone","screenAccG",0.747739119687281,-4.75937347905263,-8.94398928739019
"180",1423452177.086,"eu-west-1:84c07429-eaa3-4d2a-ac42-29ee31f48ff4","iPhone","screenAccG",1.39537065505981,-5.44007535868091,-8.42504598621978
"181",1423452177.422,"eu-west-1:84c07429-eaa3-4d2a-ac42-29ee31f48ff4","iPhone","screenAccG",0.464624759674072,-4.85813469939288,-9.14345599400625
"182",1423452177.756,"eu-west-1:84c07429-eaa3-4d2a-ac42-29ee31f48ff4","iPhone","screenAccG",0.987757822418213,-4.97066194909136,-9.43674569737539
"183",1423452178.091,"eu-west-1:84c07429-eaa3-4d2a-ac42-29ee31f48ff4","iPhone","screenAccG",0.180911863230968,-5.49184967732085,-8.23156444126081
"184",1423452178.427,"eu-west-1:84c07429-eaa3-4d2a-ac42-29ee31f48ff4","iPhone","screenAccG",0.453701251132227,-4.35310767710581,-9.60763169473857
"185",1423452178.761,"eu-west-1:84c07429-eaa3-4d2a-ac42-29ee31f48ff4","iPhone","screenAccG",-0.582539154904149,-3.35562341044322,-10.1141549834654
"186",1423452179.094,"eu-west-1:84c07429-eaa3-4d2a-ac42-29ee31f48ff4","iPhone","screenAccG",0.0809539436340332,-4.46309116973877,-8.27481012430592
"187",1423452179.43,"eu-west-1:84c07429-eaa3-4d2a-ac42-29ee31f48ff4","iPhone","screenAccG",-0.501884523010254,-5.75461332778931,-9.27214426017441
"188",1423452179.765,"eu-west-1:84c07429-eaa3-4d2a-ac42-29ee31f48ff4","iPhone","screenAccG",-0.888398471788038,-3.98888931116313,-9.84540613937378
"189",1423452180.098,"eu-west-1:84c07429-eaa3-4d2a-ac42-29ee31f48ff4","iPhone","screenAccG",0.290446588897705,-4.47206940370229,-10.1382467838012
"190",1423452180.432,"eu-west-1:84c07429-eaa3-4d2a-ac42-29ee31f48ff4","iPhone","screenAccG",0.825401022338867,-3.29157829683833,-9.06863759398516
"191",1423452180.766,"eu-west-1:84c07429-eaa3-4d2a-ac42-29ee31f48ff4","iPhone","screenAccG",0.862361501334375,-0.374842197418213,-11.6485395569399
"192",1423452181.1,"eu-west-1:84c07429-eaa3-4d2a-ac42-29ee31f48ff4","iPhone","screenAccG",1.66426942901611,-5.77107368339859,-7.97718069296572
"193",1423452181.434,"eu-west-1:84c07429-eaa3-4d2a-ac42-29ee31f48ff4","iPhone","screenAccG",3.15585713635869,-8.31461363557447,-3.36265637781993
"194",1423452181.768,"eu-west-1:84c07429-eaa3-4d2a-ac42-29ee31f48ff4","iPhone","screenAccG",0.625185908508301,-3.45677837578589,-9.65656333729848
"195",1423452182.103,"eu-west-1:84c07429-eaa3-4d2a-ac42-29ee31f48ff4","iPhone","screenAccG",-1.32489134368896,-2.82126730822138,-8.39841043795161
"196",1423452182.437,"eu-west-1:84c07429-eaa3-4d2a-ac42-29ee31f48ff4","iPhone","screenAccG",-2.80046775436401,-3.79465992067866,-10.0294605381288
"197",1423452182.772,"eu-west-1:84c07429-eaa3-4d2a-ac42-29ee31f48ff4","iPhone","screenAccG",-2.93439337319639,-4.08839860992432,-8.06636496053487
"198",1423452183.105,"eu-west-1:84c07429-eaa3-4d2a-ac42-29ee31f48ff4","iPhone","screenAccG",-0.774075324249268,-4.5772647162064,-10.3885906410217
"199",1423452183.45,"eu-west-1:84c07429-eaa3-4d2a-ac42-29ee31f48ff4","iPhone","screenAccG",-0.327556714630127,-3.67330375096425,-10.9720273658201
"200",1423452183.788,"eu-west-1:84c07429-eaa3-4d2a-ac42-29ee31f48ff4","iPhone","screenAccG",-1.39372464141846,-4.01417843152471,-9.57695613209829
"201",1423452184.122,"eu-west-1:84c07429-eaa3-4d2a-ac42-29ee31f48ff4","iPhone","screenAccG",-1.11330377197266,-3.69964018842168,-9.61167212923579
"202",1423452184.459,"eu-west-1:84c07429-eaa3-4d2a-ac42-29ee31f48ff4","iPhone","screenAccG",-1.12467630292363,-4.15004930267334,-9.89837785110474
"203",1423452184.793,"eu-west-1:84c07429-eaa3-4d2a-ac42-29ee31f48ff4","iPhone","screenAccG",-0.0534206253984696,-5.23581968248896,-10.0010292472839
"204",1423452185.128,"eu-west-1:84c07429-eaa3-4d2a-ac42-29ee31f48ff4","iPhone","screenAccG",-2.7241525033813,-3.25865809707642,-8.43537083474873
"205",1423452185.462,"eu-west-1:84c07429-eaa3-4d2a-ac42-29ee31f48ff4","iPhone","screenAccG",-3.2854431916168,-1.49862057882117,-10.400561795453
"206",1423452185.798,"eu-west-1:84c07429-eaa3-4d2a-ac42-29ee31f48ff4","iPhone","screenAccG",-4.97006362700518,-0.0206499893188477,-8.6367831042083
"207",1423452186.132,"eu-west-1:84c07429-eaa3-4d2a-ac42-29ee31f48ff4","iPhone","screenAccG",-0.103249946594238,-6.33700310081802,-8.53143804849833
"208",1423452186.475,"eu-west-1:84c07429-eaa3-4d2a-ac42-29ee31f48ff4","iPhone","screenAccG",-0.939724151611328,-4.17548754918203,-8.64905355211338
"209",1423452186.808,"eu-west-1:84c07429-eaa3-4d2a-ac42-29ee31f48ff4","iPhone","screenAccG",-1.04536829986572,-4.33904155968931,-9.15123722246699
"210",1423452187.142,"eu-west-1:84c07429-eaa3-4d2a-ac42-29ee31f48ff4","iPhone","screenAccG",-3.58067822036743,-4.07044218880469,-9.13013853953257
"211",1423452187.478,"eu-west-1:84c07429-eaa3-4d2a-ac42-29ee31f48ff4","iPhone","screenAccG",-3.71759677393809,-2.72849206695557,-9.50961957573257
"212",1423452187.812,"eu-west-1:84c07429-eaa3-4d2a-ac42-29ee31f48ff4","iPhone","screenAccG",-1.15774610375669,-4.43211616749419,-8.67164860537717
"213",1423452188.147,"eu-west-1:84c07429-eaa3-4d2a-ac42-29ee31f48ff4","iPhone","screenAccG",1.12183304232173,-4.32392827130742,-9.43614729309082
"214",1423452188.482,"eu-west-1:84c07429-eaa3-4d2a-ac42-29ee31f48ff4","iPhone","screenAccG",2.90940402123267,-4.37211150665283,-8.81530109428726
"215",1423452188.818,"eu-west-1:84c07429-eaa3-4d2a-ac42-29ee31f48ff4","iPhone","screenAccG",2.59292047101445,-4.13074612485357,-8.38718739847392
"216",1423452189.155,"eu-west-1:84c07429-eaa3-4d2a-ac42-29ee31f48ff4","iPhone","screenAccG",-0.0863408973693848,-5.73396304620951,-7.8520835466247
"217",1423452189.491,"eu-west-1:84c07429-eaa3-4d2a-ac42-29ee31f48ff4","iPhone","screenAccG",-1.12437691811826,-6.9882258153832,-6.23046090774536
"218",1423452189.826,"eu-west-1:84c07429-eaa3-4d2a-ac42-29ee31f48ff4","iPhone","screenAccG",0.345662864685059,-2.72924018190913,-10.6676647720337
"219",1423452190.161,"eu-west-1:84c07429-eaa3-4d2a-ac42-29ee31f48ff4","iPhone","screenAccG",2.96910946166543,0.771082499108836,-10.4412627852842
"220",1423452190.499,"eu-west-1:84c07429-eaa3-4d2a-ac42-29ee31f48ff4","iPhone","screenAccG",5.90469966169726,-1.22613037907705,-8.03209743781723
"221",1423452190.836,"eu-west-1:84c07429-eaa3-4d2a-ac42-29ee31f48ff4","iPhone","screenAccG",-3.90135145909414,-4.9712603990417,-7.85911672406397
"222",1423452191.17,"eu-west-1:84c07429-eaa3-4d2a-ac42-29ee31f48ff4","iPhone","screenAccG",-4.87639009311293,0.757465550231934,-8.74003305080254
"223",1423452191.503,"eu-west-1:84c07429-eaa3-4d2a-ac42-29ee31f48ff4","iPhone","screenAccG",-2.94920753250122,3.24294622174688,-8.69499215033716
"224",1423452191.837,"eu-west-1:84c07429-eaa3-4d2a-ac42-29ee31f48ff4","iPhone","screenAccG",0.181660050964355,0.296432093048096,-11.3940057006836
"225",1423452192.17,"eu-west-1:84c07429-eaa3-4d2a-ac42-29ee31f48ff4","iPhone","screenAccG",-2.71667084238902,-3.61419716234063,-9.68005687948018
"226",1423452192.507,"eu-west-1:84c07429-eaa3-4d2a-ac42-29ee31f48ff4","iPhone","screenAccG",-5.81162514522392,-3.12054266187139,-9.12400354390889
"227",1423452192.842,"eu-west-1:84c07429-eaa3-4d2a-ac42-29ee31f48ff4","iPhone","screenAccG",-0.986560648522898,-4.85918197995611,-7.61610534688965
"228",1423452193.176,"eu-west-1:84c07429-eaa3-4d2a-ac42-29ee31f48ff4","iPhone","screenAccG",-0.981173773561005,-0.935384661102295,-10.5760865585327
"229",1423452193.51,"eu-west-1:84c07429-eaa3-4d2a-ac42-29ee31f48ff4","iPhone","screenAccG",1.63119946378628,-1.16881932296753,-10.098144344385
"230",1423452193.843,"eu-west-1:84c07429-eaa3-4d2a-ac42-29ee31f48ff4","iPhone","screenAccG",3.8633438000001,-2.02339967803955,-8.79943939869087
"231",1423452194.177,"eu-west-1:84c07429-eaa3-4d2a-ac42-29ee31f48ff4","iPhone","screenAccG",0.130035077667236,-5.98700056296084,-7.06214681903999
"232",1423452194.512,"eu-west-1:84c07429-eaa3-4d2a-ac42-29ee31f48ff4","iPhone","screenAccG",-3.73495451677851,-5.9982231275145,-8.08072964077284
"233",1423452194.847,"eu-west-1:84c07429-eaa3-4d2a-ac42-29ee31f48ff4","iPhone","screenAccG",-0.998082890142873,-0.017208324432373,-9.49854624692388
"234",1423452195.185,"eu-west-1:84c07429-eaa3-4d2a-ac42-29ee31f48ff4","iPhone","screenAccG",4.32781892207041,-0.183904615020752,-8.82263313594209
"235",1423452195.519,"eu-west-1:84c07429-eaa3-4d2a-ac42-29ee31f48ff4","iPhone","screenAccG",3.68243190052193,3.46231480272822,-9.03796155642085
"236",1423452195.853,"eu-west-1:84c07429-eaa3-4d2a-ac42-29ee31f48ff4","iPhone","screenAccG",2.3409305270873,2.73956521310117,-10.2512233207703
"237",1423452196.186,"eu-west-1:84c07429-eaa3-4d2a-ac42-29ee31f48ff4","iPhone","screenAccG",4.91155506820679,1.23555769424438,-8.82966593892202
"238",1423452196.529,"eu-west-1:84c07429-eaa3-4d2a-ac42-29ee31f48ff4","iPhone","screenAccG",-0.768987645721436,-7.20789351630844,-6.62655135263652
"239",1423452196.864,"eu-west-1:84c07429-eaa3-4d2a-ac42-29ee31f48ff4","iPhone","screenAccG",-2.22960029602051,-7.11900914500132,-7.37339277913198
"240",1423452197.201,"eu-west-1:84c07429-eaa3-4d2a-ac42-29ee31f48ff4","iPhone","screenAccG",0.977731956835836,-4.48673394766543,-9.80829586751088
"241",1423452197.534,"eu-west-1:84c07429-eaa3-4d2a-ac42-29ee31f48ff4","iPhone","screenAccG",4.90916064735092,-1.52600424660947,-8.9661355796814
"242",1423452197.867,"eu-west-1:84c07429-eaa3-4d2a-ac42-29ee31f48ff4","iPhone","screenAccG",3.45752660947046,-2.15298584289551,-10.1400425811768
"243",1423452198.202,"eu-west-1:84c07429-eaa3-4d2a-ac42-29ee31f48ff4","iPhone","screenAccG",2.19593179864194,-5.23327606242076,-7.76574267665478
"244",1423452198.536,"eu-west-1:84c07429-eaa3-4d2a-ac42-29ee31f48ff4","iPhone","screenAccG",-3.94684150983281,-7.54757098644096,-6.21235456589418
"245",1423452198.87,"eu-west-1:84c07429-eaa3-4d2a-ac42-29ee31f48ff4","iPhone","screenAccG",-3.37881709289551,-6.24722039243169,-7.33059638792407
"246",1423452199.204,"eu-west-1:84c07429-eaa3-4d2a-ac42-29ee31f48ff4","iPhone","screenAccG",1.01633860473633,-4.91484735578441,-7.97762964230962
"247",1423452199.538,"eu-west-1:84c07429-eaa3-4d2a-ac42-29ee31f48ff4","iPhone","screenAccG",3.22079981985781,-2.28706124546211,-9.75786792197861
"248",1423452199.872,"eu-west-1:84c07429-eaa3-4d2a-ac42-29ee31f48ff4","iPhone","screenAccG",1.86014505233765,-4.62425086898804,-8.37237349489741
"249",1423452200.213,"eu-west-1:84c07429-eaa3-4d2a-ac42-29ee31f48ff4","iPhone","screenAccG",-0.859069556250051,-6.36408728790283,-5.90290421138154
"250",1423452200.548,"eu-west-1:84c07429-eaa3-4d2a-ac42-29ee31f48ff4","iPhone","screenAccG",-2.84865113583989,-6.78831007722486,-8.36429291816391
"251",1423452200.882,"eu-west-1:84c07429-eaa3-4d2a-ac42-29ee31f48ff4","iPhone","screenAccG",1.61324304266665,-3.72028995854482,-8.32673435454424
"252",1423452201.216,"eu-west-1:84c07429-eaa3-4d2a-ac42-29ee31f48ff4","iPhone","screenAccG",0.758961999334767,-2.71412685699463,-8.33825648656636
"253",1423452201.571,"eu-west-1:84c07429-eaa3-4d2a-ac42-29ee31f48ff4","iPhone","screenAccG",0.148290865325928,0.091278938293457,-11.7384714645386
"254",1423452201.905,"eu-west-1:84c07429-eaa3-4d2a-ac42-29ee31f48ff4","iPhone","screenAccG",0.186149188210303,-3.23531477702036,-9.23727877156362
"255",1423452202.239,"eu-west-1:84c07429-eaa3-4d2a-ac42-29ee31f48ff4","iPhone","screenAccG",0.118512979894446,-6.6243073548357,-6.81344886586294
"256",1423452202.574,"eu-west-1:84c07429-eaa3-4d2a-ac42-29ee31f48ff4","iPhone","screenAccG",0.12494739000625,-6.6663551378997,-8.53517928085327
"257",1423452202.907,"eu-west-1:84c07429-eaa3-4d2a-ac42-29ee31f48ff4","iPhone","screenAccG",-0.321870485687256,-4.06236181300059,-8.91735386698618
"258",1423452203.241,"eu-west-1:84c07429-eaa3-4d2a-ac42-29ee31f48ff4","iPhone","screenAccG",1.51343472442627,-3.8588544526916,-9.33753581995219
"259",1423452203.576,"eu-west-1:84c07429-eaa3-4d2a-ac42-29ee31f48ff4","iPhone","screenAccG",1.53632935086675,-3.68572392780464,-10.1340573692873
"260",1423452203.911,"eu-west-1:84c07429-eaa3-4d2a-ac42-29ee31f48ff4","iPhone","screenAccG",1.4315829917023,-3.19057298736572,-8.47637166604306
"261",1423452204.245,"eu-west-1:84c07429-eaa3-4d2a-ac42-29ee31f48ff4","iPhone","screenAccG",0.474949736067187,-5.94121141967773,-7.04314282509619
"262",1423452204.578,"eu-west-1:84c07429-eaa3-4d2a-ac42-29ee31f48ff4","iPhone","screenAccG",-0.351798006439209,-6.53661926237475,-7.82709439559039
"263",1423452204.915,"eu-west-1:84c07429-eaa3-4d2a-ac42-29ee31f48ff4","iPhone","screenAccG",-0.237474877166748,-5.99403349380493,-8.81096153071299
"264",1423452205.249,"eu-west-1:84c07429-eaa3-4d2a-ac42-29ee31f48ff4","iPhone","screenAccG",-3.10976865393599,-6.34328766098022,-6.38189412621763
"265",1423452205.584,"eu-west-1:84c07429-eaa3-4d2a-ac42-29ee31f48ff4","iPhone","screenAccG",-2.88426473940425,-6.25904183619395,-7.17168149932637
"266",1423452205.917,"eu-west-1:84c07429-eaa3-4d2a-ac42-29ee31f48ff4","iPhone","screenAccG",0.883759687805176,-5.16085131607056,-10.5216183246337
"267",1423452206.252,"eu-west-1:84c07429-eaa3-4d2a-ac42-29ee31f48ff4","iPhone","screenAccG",3.82129548721313,-3.26524229777232,-8.7642747079378
"268",1423452206.587,"eu-west-1:84c07429-eaa3-4d2a-ac42-29ee31f48ff4","iPhone","screenAccG",1.26892687988281,-5.19870941062607,-8.23635320534073
"269",1423452206.921,"eu-west-1:84c07429-eaa3-4d2a-ac42-29ee31f48ff4","iPhone","screenAccG",-1.17689979010317,-5.38366170806885,-7.59246223103627
"270",1423452207.255,"eu-west-1:84c07429-eaa3-4d2a-ac42-29ee31f48ff4","iPhone","screenAccG",-0.34386724997256,-5.40685553665161,-7.33493627115875
"271",1423452207.588,"eu-west-1:84c07429-eaa3-4d2a-ac42-29ee31f48ff4","iPhone","screenAccG",1.27700731961899,-4.2006267396789,-10.151414892932
"272",1423452207.921,"eu-west-1:84c07429-eaa3-4d2a-ac42-29ee31f48ff4","iPhone","screenAccG",2.34108031082153,-3.8449380824767,-7.98615907705547
"273",1423452208.257,"eu-west-1:84c07429-eaa3-4d2a-ac42-29ee31f48ff4","iPhone","screenAccG",1.89949974212646,-4.77044658866562,-9.58383990026265
"274",1423452208.592,"eu-west-1:84c07429-eaa3-4d2a-ac42-29ee31f48ff4","iPhone","screenAccG",-0.635061990356445,-6.41421615915699,-7.68733267274937
"275",1423452208.926,"eu-west-1:84c07429-eaa3-4d2a-ac42-29ee31f48ff4","iPhone","screenAccG",-0.189441212068085,-6.11284597038589,-8.64067404723223
"276",1423452209.261,"eu-west-1:84c07429-eaa3-4d2a-ac42-29ee31f48ff4","iPhone","screenAccG",2.20401232057651,-3.62781391942129,-9.75816719718613
"277",1423452209.594,"eu-west-1:84c07429-eaa3-4d2a-ac42-29ee31f48ff4","iPhone","screenAccG",5.20289962885752,-1.34030394381098,-9.58024830551147
"278",1423452209.929,"eu-west-1:84c07429-eaa3-4d2a-ac42-29ee31f48ff4","iPhone","screenAccG",3.38420404663086,-3.04467625063471,-9.30416692657471
"279",1423452210.266,"eu-west-1:84c07429-eaa3-4d2a-ac42-29ee31f48ff4","iPhone","screenAccG",-0.207846631622314,-5.8638487054687,-7.25128878672495
"280",1423452210.6,"eu-west-1:84c07429-eaa3-4d2a-ac42-29ee31f48ff4","iPhone","screenAccG",-2.17154097882695,-6.15773732457906,-9.51904652557373
"281",1423452210.935,"eu-west-1:84c07429-eaa3-4d2a-ac42-29ee31f48ff4","iPhone","screenAccG",0.394893636322021,-5.09291591702886,-9.05696542250048
"282",1423452211.269,"eu-west-1:84c07429-eaa3-4d2a-ac42-29ee31f48ff4","iPhone","screenAccG",2.84820200383291,-3.90090272894595,-10.4788222622193
"283",1423452211.605,"eu-west-1:84c07429-eaa3-4d2a-ac42-29ee31f48ff4","iPhone","screenAccG",3.17126973648071,-3.0342015453063,-10.6380365264893
"284",1423452211.941,"eu-west-1:84c07429-eaa3-4d2a-ac42-29ee31f48ff4","iPhone","screenAccG",-0.491858840090968,-6.31560496001299,-7.17317777489927
"285",1423452212.274,"eu-west-1:84c07429-eaa3-4d2a-ac42-29ee31f48ff4","iPhone","screenAccG",-1.5257050627335,-5.13286915723272,-8.18951637963559
"286",1423452212.611,"eu-west-1:84c07429-eaa3-4d2a-ac42-29ee31f48ff4","iPhone","screenAccG",0.714220282745361,-4.756231345102,-9.72749185374156
"287",1423452212.946,"eu-west-1:84c07429-eaa3-4d2a-ac42-29ee31f48ff4","iPhone","screenAccG",2.04794009892568,-3.83595989931636,-10.043376396887
"288",1423452213.279,"eu-west-1:84c07429-eaa3-4d2a-ac42-29ee31f48ff4","iPhone","screenAccG",2.08265619652788,-3.58830959202871,-7.03192005961314
"289",1423452213.616,"eu-west-1:84c07429-eaa3-4d2a-ac42-29ee31f48ff4","iPhone","screenAccG",-1.49877016619258,-6.46748664948019,-8.21480517120361
"290",1423452213.952,"eu-west-1:84c07429-eaa3-4d2a-ac42-29ee31f48ff4","iPhone","screenAccG",-2.57855518798828,-7.33598359738775,-7.02204405083023
"291",1423452214.287,"eu-west-1:84c07429-eaa3-4d2a-ac42-29ee31f48ff4","iPhone","screenAccG",-3.37537539147641,-6.18871199831549,-9.67047978057861
"292",1423452214.622,"eu-west-1:84c07429-eaa3-4d2a-ac42-29ee31f48ff4","iPhone","screenAccG",-1.65753579621243,-4.80680870904233,-9.83253701318949
"293",1423452214.957,"eu-west-1:84c07429-eaa3-4d2a-ac42-29ee31f48ff4","iPhone","screenAccG",-0.670226797557238,-2.97359831578359,-9.67332311424576
"294",1423452215.292,"eu-west-1:84c07429-eaa3-4d2a-ac42-29ee31f48ff4","iPhone","screenAccG",1.56072015241543,-2.80181449279785,-10.2184528316773
"295",1423452215.625,"eu-west-1:84c07429-eaa3-4d2a-ac42-29ee31f48ff4","iPhone","screenAccG",1.36499422149658,-2.50628026190493,-10.500369857965
"296",1423452215.959,"eu-west-1:84c07429-eaa3-4d2a-ac42-29ee31f48ff4","iPhone","screenAccG",0.179565124511719,-3.1431377208434,-10.668413106183
"297",1423452216.293,"eu-west-1:84c07429-eaa3-4d2a-ac42-29ee31f48ff4","iPhone","screenAccG",-1.40494746170044,-4.82042554832138,-8.2332105690666
"298",1423452216.628,"eu-west-1:84c07429-eaa3-4d2a-ac42-29ee31f48ff4","iPhone","screenAccG",0.0903811126708984,-4.75428591012265,-9.95030231880508
"299",1423452216.964,"eu-west-1:84c07429-eaa3-4d2a-ac42-29ee31f48ff4","iPhone","screenAccG",0.484825836181641,-4.21229839970693,-10.0164422127321
"300",1423452217.299,"eu-west-1:84c07429-eaa3-4d2a-ac42-29ee31f48ff4","iPhone","screenAccG",0.748786570926334,-3.59833545761108,-8.33750829854757
"301",1423452217.632,"eu-west-1:84c07429-eaa3-4d2a-ac42-29ee31f48ff4","iPhone","screenAccG",0.505625453971093,-4.72001889886167,-9.46188514360059
"302",1423452217.967,"eu-west-1:84c07429-eaa3-4d2a-ac42-29ee31f48ff4","iPhone","screenAccG",-1.38295075906393,-3.50780463427119,-8.42205323414458
"303",1423452218.301,"eu-west-1:84c07429-eaa3-4d2a-ac42-29ee31f48ff4","iPhone","screenAccG",0.433051225280762,-4.54239906319883,-9.16814634475708
"304",1423452218.636,"eu-west-1:84c07429-eaa3-4d2a-ac42-29ee31f48ff4","iPhone","screenAccG",1.02965635147095,-4.64744462450556,-10.1464769981384
"305",1423452218.969,"eu-west-1:84c07429-eaa3-4d2a-ac42-29ee31f48ff4","iPhone","screenAccG",0.388159944152832,-3.26284809611216,-7.02069738546163
"306",1423452219.304,"eu-west-1:84c07429-eaa3-4d2a-ac42-29ee31f48ff4","iPhone","screenAccG",1.05464583129883,-4.2568905745907,-9.70684193748794
"307",1423452219.638,"eu-west-1:84c07429-eaa3-4d2a-ac42-29ee31f48ff4","iPhone","screenAccG",0.873285037275683,-3.12967040957026,-9.61780712485947
"308",1423452219.972,"eu-west-1:84c07429-eaa3-4d2a-ac42-29ee31f48ff4","iPhone","screenAccG",2.06170686806943,-3.72507843493037,-9.07372498481863
"309",1423452220.307,"eu-west-1:84c07429-eaa3-4d2a-ac42-29ee31f48ff4","iPhone","screenAccG",2.13009129865342,-1.38085566136464,-10.7860279704772
"310",1423452220.641,"eu-west-1:84c07429-eaa3-4d2a-ac42-29ee31f48ff4","iPhone","screenAccG",1.89097038044585,-3.267636353302,-10.4200148300722
"311",1423452220.974,"eu-west-1:84c07429-eaa3-4d2a-ac42-29ee31f48ff4","iPhone","screenAccG",2.16016837481074,-2.65995804443359,-7.86540136642456
"312",1423452221.309,"eu-west-1:84c07429-eaa3-4d2a-ac42-29ee31f48ff4","iPhone","screenAccG",3.84508786621094,-3.56212303877021,-10.8455835906431
"313",1423452221.647,"eu-west-1:84c07429-eaa3-4d2a-ac42-29ee31f48ff4","iPhone","screenAccG",1.43726914757993,-3.72657495709844,-10.2296757980898
"314",1423452221.98,"eu-west-1:84c07429-eaa3-4d2a-ac42-29ee31f48ff4","iPhone","screenAccG",1.0740987197876,-4.80216990679316,-8.37042846177686
"315",1423452222.321,"eu-west-1:84c07429-eaa3-4d2a-ac42-29ee31f48ff4","iPhone","screenAccG",-1.56580773961171,-4.36792150761709,-8.92678088989258
"316",1423452222.663,"eu-west-1:84c07429-eaa3-4d2a-ac42-29ee31f48ff4","iPhone","screenAccG",1.6111480796814,-3.84194533040151,-9.41639505632929
"317",1423452222.997,"eu-west-1:84c07429-eaa3-4d2a-ac42-29ee31f48ff4","iPhone","screenAccG",-0.800261930023402,-6.65962184758931,-10.1400425811768
"318",1423452223.331,"eu-west-1:84c07429-eaa3-4d2a-ac42-29ee31f48ff4","iPhone","screenAccG",-2.46093999490049,-5.96679959605113,-6.81539444697276
"319",1423452223.665,"eu-west-1:84c07429-eaa3-4d2a-ac42-29ee31f48ff4","iPhone","screenAccG",-0.714220282745361,-4.80246936466377,-8.43237853933126
"320",1423452223.998,"eu-west-1:84c07429-eaa3-4d2a-ac42-29ee31f48ff4","iPhone","screenAccG",1.10402631360479,-3.57379503672495,-10.737844808197
"321",1423452224.335,"eu-west-1:84c07429-eaa3-4d2a-ac42-29ee31f48ff4","iPhone","screenAccG",0.626682300528919,-4.28532155947485,-9.04708976077745
"322",1423452224.668,"eu-west-1:84c07429-eaa3-4d2a-ac42-29ee31f48ff4","iPhone","screenAccG",0.124797759252356,-4.6537294997616,-8.91540866946885
"323",1423452225.003,"eu-west-1:84c07429-eaa3-4d2a-ac42-29ee31f48ff4","iPhone","screenAccG",0.149637603759766,-4.6019549527928,-9.07252806208506
"324",1423452225.338,"eu-west-1:84c07429-eaa3-4d2a-ac42-29ee31f48ff4","iPhone","screenAccG",0.148290865325928,-4.66300699922866,-9.05711549849566
"325",1423452225.672,"eu-west-1:84c07429-eaa3-4d2a-ac42-29ee31f48ff4","iPhone","screenAccG",0.109534725952148,-5.16339493613876,-8.79958870750107
"326",1423452226.006,"eu-west-1:84c07429-eaa3-4d2a-ac42-29ee31f48ff4","iPhone","screenAccG",-1.61144737429687,-6.37979916323237,-7.88590149894394
"327",1423452226.339,"eu-west-1:84c07429-eaa3-4d2a-ac42-29ee31f48ff4","iPhone","screenAccG",-1.10073420412368,-5.93522578766318,-8.35890614709165
"328",1423452226.674,"eu-west-1:84c07429-eaa3-4d2a-ac42-29ee31f48ff4","iPhone","screenAccG",-1.01364510960234,-5.91697036533067,-8.15704501961972
"329",1423452227.008,"eu-west-1:84c07429-eaa3-4d2a-ac42-29ee31f48ff4","iPhone","screenAccG",-0.231639010620117,-5.65450592613765,-8.39287362741679
"330",1423452227.343,"eu-west-1:84c07429-eaa3-4d2a-ac42-29ee31f48ff4","iPhone","screenAccG",-2.53306528338008,-5.91113418825678,-8.55283640849907
"331",1423452227.677,"eu-west-1:84c07429-eaa3-4d2a-ac42-29ee31f48ff4","iPhone","screenAccG",-1.6832734046936,-5.45144745124048,-8.26029512604417
"332",1423452228.011,"eu-west-1:84c07429-eaa3-4d2a-ac42-29ee31f48ff4","iPhone","screenAccG",-0.718859048461914,-5.60168366934736,-8.11544560137773
"333",1423452228.346,"eu-west-1:84c07429-eaa3-4d2a-ac42-29ee31f48ff4","iPhone","screenAccG",-0.552611674109747,-5.65645120585337,-8.59009657369405
"334",1423452228.707,"eu-west-1:84c07429-eaa3-4d2a-ac42-29ee31f48ff4","iPhone","screenAccG",-0.379480963134766,-7.12424631500244,-7.15941100575551
"335",1423452229.042,"eu-west-1:84c07429-eaa3-4d2a-ac42-29ee31f48ff4","iPhone","screenAccG",-1.40928702527471,-7.03610953805908,-6.45297197430378
"336",1423452229.375,"eu-west-1:84c07429-eaa3-4d2a-ac42-29ee31f48ff4","iPhone","screenAccG",-2.66235224609375,-6.1436710975647,-8.73344906930234
"337",1423452229.709,"eu-west-1:84c07429-eaa3-4d2a-ac42-29ee31f48ff4","iPhone","screenAccG",1.87032026326284,-3.10902053898242,-9.67003108696304
"338",1423452230.043,"eu-west-1:84c07429-eaa3-4d2a-ac42-29ee31f48ff4","iPhone","screenAccG",2.88127216999214,-2.70260476150513,-9.17248594486397
"339",1423452230.377,"eu-west-1:84c07429-eaa3-4d2a-ac42-29ee31f48ff4","iPhone","screenAccG",1.49473006048892,-4.38303494212944,-9.63277103136592
"340",1423452230.711,"eu-west-1:84c07429-eaa3-4d2a-ac42-29ee31f48ff4","iPhone","screenAccG",-0.84156192007754,-6.31350955863632,-7.39658686344307
"341",1423452231.046,"eu-west-1:84c07429-eaa3-4d2a-ac42-29ee31f48ff4","iPhone","screenAccG",-2.07173256925503,-7.7461399404997,-7.06364323161021
"342",1423452231.382,"eu-west-1:84c07429-eaa3-4d2a-ac42-29ee31f48ff4","iPhone","screenAccG",-1.67624036425166,-7.4479122144728,-6.31904614997543
"343",1423452231.716,"eu-west-1:84c07429-eaa3-4d2a-ac42-29ee31f48ff4","iPhone","screenAccG",-0.339228447723389,-8.76696813000655,-4.42747727391347
"344",1423452232.052,"eu-west-1:84c07429-eaa3-4d2a-ac42-29ee31f48ff4","iPhone","screenAccG",-1.18393268441465,-9.16635040125102,-2.98886149749756
"345",1423452232.385,"eu-west-1:84c07429-eaa3-4d2a-ac42-29ee31f48ff4","iPhone","screenAccG",2.56374112001499,-4.4791024070408,-9.32795945170298
"346",1423452232.719,"eu-west-1:84c07429-eaa3-4d2a-ac42-29ee31f48ff4","iPhone","screenAccG",3.06368031764375,0.576703324890137,-11.0095865504943
"347",1423452233.053,"eu-west-1:84c07429-eaa3-4d2a-ac42-29ee31f48ff4","iPhone","screenAccG",2.04120656202012,-2.24037405736074,-9.18296021180097
"348",1423452233.389,"eu-west-1:84c07429-eaa3-4d2a-ac42-29ee31f48ff4","iPhone","screenAccG",-0.121954647064209,-7.265055336673,-6.06570965027753
"349",1423452233.723,"eu-west-1:84c07429-eaa3-4d2a-ac42-29ee31f48ff4","iPhone","screenAccG",-3.71520228001699,-8.07534313627453,-4.90452211909639
"350",1423452234.057,"eu-west-1:84c07429-eaa3-4d2a-ac42-29ee31f48ff4","iPhone","screenAccG",-3.60566770019531,-7.01635736066306,-6.93779778765254
"351",1423452234.391,"eu-west-1:84c07429-eaa3-4d2a-ac42-29ee31f48ff4","iPhone","screenAccG",1.98359607543945,-5.42062248845845,-8.33361742858887
"352",1423452234.729,"eu-west-1:84c07429-eaa3-4d2a-ac42-29ee31f48ff4","iPhone","screenAccG",1.19635264205933,-6.55981327362061,-8.04556518748179
"353",1423452235.064,"eu-west-1:84c07429-eaa3-4d2a-ac42-29ee31f48ff4","iPhone","screenAccG",-0.0775122787475586,-8.40245056192158,-4.69892004239731
"354",1423452235.398,"eu-west-1:84c07429-eaa3-4d2a-ac42-29ee31f48ff4","iPhone","screenAccG",2.23109667947879,-5.1476832069397,-8.33870518018193
"355",1423452235.732,"eu-west-1:84c07429-eaa3-4d2a-ac42-29ee31f48ff4","iPhone","screenAccG",2.40856682445141,-4.19404268511347,-9.36896000900268
"356",1423452236.065,"eu-west-1:84c07429-eaa3-4d2a-ac42-29ee31f48ff4","iPhone","screenAccG",1.27566060858462,-7.5782466586791,-5.95213481862172
"357",1423452236.398,"eu-west-1:84c07429-eaa3-4d2a-ac42-29ee31f48ff4","iPhone","screenAccG",-0.0106242698669434,-9.156175215442,-4.04919348467402
"358",1423452236.734,"eu-west-1:84c07429-eaa3-4d2a-ac42-29ee31f48ff4","iPhone","screenAccG",0.110282912829303,-8.58934805688169,-2.72086062222905
"359",1423452237.067,"eu-west-1:84c07429-eaa3-4d2a-ac42-29ee31f48ff4","iPhone","screenAccG",0.863109625421092,-6.01543164830969,-8.28094469980448
"360",1423452237.402,"eu-west-1:84c07429-eaa3-4d2a-ac42-29ee31f48ff4","iPhone","screenAccG",3.58651423304453,-3.66178165547475,-9.91513726272583
"361",1423452237.738,"eu-west-1:84c07429-eaa3-4d2a-ac42-29ee31f48ff4","iPhone","screenAccG",4.83972909146734,-5.2219033853393,-7.39254639241323
"362",1423452238.071,"eu-west-1:84c07429-eaa3-4d2a-ac42-29ee31f48ff4","iPhone","screenAccG",-0.123151747894287,-7.15566999259628,-7.52572378669418
"363",1423452238.407,"eu-west-1:84c07429-eaa3-4d2a-ac42-29ee31f48ff4","iPhone","screenAccG",-2.49580564790806,-7.74389544950854,-5.64058947372436
"364",1423452238.74,"eu-west-1:84c07429-eaa3-4d2a-ac42-29ee31f48ff4","iPhone","screenAccG",-2.75258379422612,-7.77621719475354,-5.98774849525131
"365",1423452239.074,"eu-west-1:84c07429-eaa3-4d2a-ac42-29ee31f48ff4","iPhone","screenAccG",-0.199466944078077,-6.87090969657353,-7.58767397384644
"366",1423452239.408,"eu-west-1:84c07429-eaa3-4d2a-ac42-29ee31f48ff4","iPhone","screenAccG",1.62027591871181,-6.30423228293154,-7.96760399592295
"367",1423452239.742,"eu-west-1:84c07429-eaa3-4d2a-ac42-29ee31f48ff4","iPhone","screenAccG",0.973242974853516,-7.97703109189458,-6.89664751968384
"368",1423452240.075,"eu-west-1:84c07429-eaa3-4d2a-ac42-29ee31f48ff4","iPhone","screenAccG",-0.077661911963123,-9.1216088673247,-2.56389066628721
"369",1423452240.411,"eu-west-1:84c07429-eaa3-4d2a-ac42-29ee31f48ff4","iPhone","screenAccG",0.509815316009521,-7.66458782547654,-5.83122794531109
"370",1423452240.748,"eu-west-1:84c07429-eaa3-4d2a-ac42-29ee31f48ff4","iPhone","screenAccG",1.46435357212676,-3.75695131759644,-9.07432371333018
"371",1423452241.083,"eu-west-1:84c07429-eaa3-4d2a-ac42-29ee31f48ff4","iPhone","screenAccG",1.78667295235898,-0.79816697845459,-11.1767317538939
"372",1423452241.417,"eu-west-1:84c07429-eaa3-4d2a-ac42-29ee31f48ff4","iPhone","screenAccG",1.42903907023999,-4.66031360455938,-9.06908603187241
"373",1423452241.752,"eu-west-1:84c07429-eaa3-4d2a-ac42-29ee31f48ff4","iPhone","screenAccG",0.999130298570264,-7.25562805803828,-8.09958407017812
"374",1423452242.087,"eu-west-1:84c07429-eaa3-4d2a-ac42-29ee31f48ff4","iPhone","screenAccG",0.508169311501319,-8.62810450678272,-3.65385108167119
"375",1423452242.42,"eu-west-1:84c07429-eaa3-4d2a-ac42-29ee31f48ff4","iPhone","screenAccG",1.11554833602905,-6.27625000536269,-7.95159237046186
"376",1423452242.754,"eu-west-1:84c07429-eaa3-4d2a-ac42-29ee31f48ff4","iPhone","screenAccG",2.01681560520781,-2.9272107316833,-9.64489167727046
"377",1423452243.089,"eu-west-1:84c07429-eaa3-4d2a-ac42-29ee31f48ff4","iPhone","screenAccG",3.35801741574055,-2.45121366025396,-9.88176822321787
"378",1423452243.423,"eu-west-1:84c07429-eaa3-4d2a-ac42-29ee31f48ff4","iPhone","screenAccG",5.50486834977735,-3.46845012714546,-8.06860915926509
"379",1423452243.771,"eu-west-1:84c07429-eaa3-4d2a-ac42-29ee31f48ff4","iPhone","screenAccG",3.77730188557729,-4.64445179936513,-8.366986833423
"380",1423452244.108,"eu-west-1:84c07429-eaa3-4d2a-ac42-29ee31f48ff4","iPhone","screenAccG",-0.201412214660645,-7.03730661148969,-7.11945813087784
"381",1423452244.442,"eu-west-1:84c07429-eaa3-4d2a-ac42-29ee31f48ff4","iPhone","screenAccG",-2.13158768382417,-8.1507601032645,-5.77511397176534
"382",1423452244.775,"eu-west-1:84c07429-eaa3-4d2a-ac42-29ee31f48ff4","iPhone","screenAccG",0.0992097312927246,-8.36025313212066,-5.5045686179121
"383",1423452245.11,"eu-west-1:84c07429-eaa3-4d2a-ac42-29ee31f48ff4","iPhone","screenAccG",1.46315652381232,-6.61263540254673,-7.20385365719995
"384",1423452245.444,"eu-west-1:84c07429-eaa3-4d2a-ac42-29ee31f48ff4","iPhone","screenAccG",1.92763164131605,-4.20541532566231,-9.08569631734639
"385",1423452245.78,"eu-west-1:84c07429-eaa3-4d2a-ac42-29ee31f48ff4","iPhone","screenAccG",2.94202485445552,-1.7334021480836,-9.85393570198379
"386",1423452246.118,"eu-west-1:84c07429-eaa3-4d2a-ac42-29ee31f48ff4","iPhone","screenAccG",2.62090266638491,-4.49975230959468,-9.2975827258788
"387",1423452246.453,"eu-west-1:84c07429-eaa3-4d2a-ac42-29ee31f48ff4","iPhone","screenAccG",2.23304194264067,-5.59255558828835,-7.78639272990571
"388",1423452246.79,"eu-west-1:84c07429-eaa3-4d2a-ac42-29ee31f48ff4","iPhone","screenAccG",3.76458276232295,-6.57103580164164,-8.88323634719849
"389",1423452247.123,"eu-west-1:84c07429-eaa3-4d2a-ac42-29ee31f48ff4","iPhone","screenAccG",2.48892222680356,-6.51836352951499,-7.68972696574107
"390",1423452247.457,"eu-west-1:84c07429-eaa3-4d2a-ac42-29ee31f48ff4","iPhone","screenAccG",2.26611182567212,-6.66530802173326,-7.38521422289424
"391",1423452247.791,"eu-west-1:84c07429-eaa3-4d2a-ac42-29ee31f48ff4","iPhone","screenAccG",2.34781401212388,-6.7082536943519,-7.17242956861416
"392",1423452248.124,"eu-west-1:84c07429-eaa3-4d2a-ac42-29ee31f48ff4","iPhone","screenAccG",2.23902742624147,-6.8296101471941,-7.01605815395419
"393",1423452248.459,"eu-west-1:84c07429-eaa3-4d2a-ac42-29ee31f48ff4","iPhone","screenAccG",2.19219094388586,-6.87554883674942,-7.19337883314053
"394",1423452248.793,"eu-west-1:84c07429-eaa3-4d2a-ac42-29ee31f48ff4","iPhone","screenAccG",2.21822783356819,-6.96563030888662,-7.16060828924868
"395",1423452249.128,"eu-west-1:84c07429-eaa3-4d2a-ac42-29ee31f48ff4","iPhone","screenAccG",2.35335064456218,-6.92537788480679,-7.20789391816724
"396",1423452249.463,"eu-west-1:84c07429-eaa3-4d2a-ac42-29ee31f48ff4","iPhone","screenAccG",3.16303970480654,-6.26861877069874,-7.35768120062996
"397",1423452249.804,"eu-west-1:84c07429-eaa3-4d2a-ac42-29ee31f48ff4","iPhone","screenAccG",3.13400982701406,-6.47736311834576,-7.26789841461182
"398",1423452250.137,"eu-west-1:84c07429-eaa3-4d2a-ac42-29ee31f48ff4","iPhone","screenAccG",2.5965117814962,-6.26816947429497,-7.38506441632712
"399",1423452250.472,"eu-west-1:84c07429-eaa3-4d2a-ac42-29ee31f48ff4","iPhone","screenAccG",2.72415252164761,-6.42813227364356,-7.14803898465575
"400",1423452250.806,"eu-west-1:84c07429-eaa3-4d2a-ac42-29ee31f48ff4","iPhone","screenAccG",2.78834721805733,-5.90514875717163,-8.01803179532476
"401",1423452251.141,"eu-west-1:84c07429-eaa3-4d2a-ac42-29ee31f48ff4","iPhone","screenAccG",2.57182156888433,-6.53272863901122,-6.76960504796132
"402",1423452252.134,"eu-west-1:84c07429-eaa3-4d2a-ac42-29ee31f48ff4","iPhone","screenAccG",-1.41422495660093,-4.30926367654111,-9.75083517379761
