"","recordTime","cognitoId","device","sensorname","lat","long"
"1",1423452116.988,"eu-west-1:84c07429-eaa3-4d2a-ac42-29ee31f48ff4","iPhone","geoLocation",47.610232693797,-122.333077592859
"2",1423452117.322,"eu-west-1:84c07429-eaa3-4d2a-ac42-29ee31f48ff4","iPhone","geoLocation",47.610232693797,-122.333077592859
"3",1423452117.664,"eu-west-1:84c07429-eaa3-4d2a-ac42-29ee31f48ff4","iPhone","geoLocation",47.6102033194354,-122.333123738904
"4",1423452118,"eu-west-1:84c07429-eaa3-4d2a-ac42-29ee31f48ff4","iPhone","geoLocation",47.6101925852009,-122.333102172645
"5",1423452118.335,"eu-west-1:84c07429-eaa3-4d2a-ac42-29ee31f48ff4","iPhone","geoLocation",47.6101926985643,-122.33310238118
"6",1423452118.671,"eu-west-1:84c07429-eaa3-4d2a-ac42-29ee31f48ff4","iPhone","geoLocation",47.6101927760303,-122.333102527981
"7",1423452119.004,"eu-west-1:84c07429-eaa3-4d2a-ac42-29ee31f48ff4","iPhone","geoLocation",47.6101926884433,-122.333102361964
"8",1423452119.342,"eu-west-1:84c07429-eaa3-4d2a-ac42-29ee31f48ff4","iPhone","geoLocation",47.6101926507405,-122.3331022905
"9",1423452119.676,"eu-west-1:84c07429-eaa3-4d2a-ac42-29ee31f48ff4","iPhone","geoLocation",47.6101927142668,-122.333102410911
"10",1423452120.041,"eu-west-1:84c07429-eaa3-4d2a-ac42-29ee31f48ff4","iPhone","geoLocation",47.6101693075696,-122.333049746002
"11",1423452120.376,"eu-west-1:84c07429-eaa3-4d2a-ac42-29ee31f48ff4","iPhone","geoLocation",47.6101693075696,-122.333049746002
"12",1423452120.71,"eu-west-1:84c07429-eaa3-4d2a-ac42-29ee31f48ff4","iPhone","geoLocation",47.6101693075696,-122.333049746002
"13",1423452121.043,"eu-west-1:84c07429-eaa3-4d2a-ac42-29ee31f48ff4","iPhone","geoLocation",47.6101693075696,-122.333049746002
"14",1423452121.379,"eu-west-1:84c07429-eaa3-4d2a-ac42-29ee31f48ff4","iPhone","geoLocation",47.6101693075696,-122.333049746002
"15",1423452121.715,"eu-west-1:84c07429-eaa3-4d2a-ac42-29ee31f48ff4","iPhone","geoLocation",47.6101693075696,-122.333049746002
"16",1423452122.049,"eu-west-1:84c07429-eaa3-4d2a-ac42-29ee31f48ff4","iPhone","geoLocation",47.6101693075696,-122.333049746002
"17",1423452122.383,"eu-west-1:84c07429-eaa3-4d2a-ac42-29ee31f48ff4","iPhone","geoLocation",47.610203989083,-122.333074357203
"18",1423452122.717,"eu-west-1:84c07429-eaa3-4d2a-ac42-29ee31f48ff4","iPhone","geoLocation",47.6102185022978,-122.333090037198
"19",1423452123.051,"eu-west-1:84c07429-eaa3-4d2a-ac42-29ee31f48ff4","iPhone","geoLocation",47.6102323768453,-122.333137733528
"20",1423452123.388,"eu-west-1:84c07429-eaa3-4d2a-ac42-29ee31f48ff4","iPhone","geoLocation",47.6102323768453,-122.333137733528
"21",1423452123.722,"eu-west-1:84c07429-eaa3-4d2a-ac42-29ee31f48ff4","iPhone","geoLocation",47.6102360074686,-122.333149974526
"22",1423452124.056,"eu-west-1:84c07429-eaa3-4d2a-ac42-29ee31f48ff4","iPhone","geoLocation",47.6102359574733,-122.333150038883
"23",1423452124.392,"eu-west-1:84c07429-eaa3-4d2a-ac42-29ee31f48ff4","iPhone","geoLocation",47.6102360698062,-122.333150097119
"24",1423452124.726,"eu-west-1:84c07429-eaa3-4d2a-ac42-29ee31f48ff4","iPhone","geoLocation",47.6102360698062,-122.333150097119
"25",1423452125.062,"eu-west-1:84c07429-eaa3-4d2a-ac42-29ee31f48ff4","iPhone","geoLocation",47.6102367365411,-122.333150441822
"26",1423452125.397,"eu-west-1:84c07429-eaa3-4d2a-ac42-29ee31f48ff4","iPhone","geoLocation",47.6102377744285,-122.333157082653
"27",1423452125.732,"eu-west-1:84c07429-eaa3-4d2a-ac42-29ee31f48ff4","iPhone","geoLocation",47.6102707582436,-122.33319254234
"28",1423452126.068,"eu-west-1:84c07429-eaa3-4d2a-ac42-29ee31f48ff4","iPhone","geoLocation",47.6102707582436,-122.33319254234
"29",1423452126.401,"eu-west-1:84c07429-eaa3-4d2a-ac42-29ee31f48ff4","iPhone","geoLocation",47.6102707582436,-122.33319254234
"30",1423452126.776,"eu-west-1:84c07429-eaa3-4d2a-ac42-29ee31f48ff4","iPhone","geoLocation",47.6102707582436,-122.33319254234
"31",1423452127.112,"eu-west-1:84c07429-eaa3-4d2a-ac42-29ee31f48ff4","iPhone","geoLocation",47.6102707582436,-122.33319254234
"32",1423452127.447,"eu-west-1:84c07429-eaa3-4d2a-ac42-29ee31f48ff4","iPhone","geoLocation",47.6102707582436,-122.33319254234
"33",1423452127.782,"eu-west-1:84c07429-eaa3-4d2a-ac42-29ee31f48ff4","iPhone","geoLocation",47.6102707582436,-122.33319254234
"34",1423452128.115,"eu-west-1:84c07429-eaa3-4d2a-ac42-29ee31f48ff4","iPhone","geoLocation",47.6102707582436,-122.33319254234
"35",1423452128.45,"eu-west-1:84c07429-eaa3-4d2a-ac42-29ee31f48ff4","iPhone","geoLocation",47.6102707582436,-122.33319254234
"36",1423452128.784,"eu-west-1:84c07429-eaa3-4d2a-ac42-29ee31f48ff4","iPhone","geoLocation",47.6102707582436,-122.33319254234
"37",1423452129.117,"eu-west-1:84c07429-eaa3-4d2a-ac42-29ee31f48ff4","iPhone","geoLocation",47.6102707582436,-122.33319254234
"38",1423452129.452,"eu-west-1:84c07429-eaa3-4d2a-ac42-29ee31f48ff4","iPhone","geoLocation",47.6102707582436,-122.33319254234
"39",1423452129.788,"eu-west-1:84c07429-eaa3-4d2a-ac42-29ee31f48ff4","iPhone","geoLocation",47.6102707582436,-122.33319254234
"40",1423452130.122,"eu-west-1:84c07429-eaa3-4d2a-ac42-29ee31f48ff4","iPhone","geoLocation",47.6102707582436,-122.33319254234
"41",1423452130.457,"eu-west-1:84c07429-eaa3-4d2a-ac42-29ee31f48ff4","iPhone","geoLocation",47.6102707582436,-122.33319254234
"42",1423452130.792,"eu-west-1:84c07429-eaa3-4d2a-ac42-29ee31f48ff4","iPhone","geoLocation",47.6102707582436,-122.33319254234
"43",1423452131.126,"eu-west-1:84c07429-eaa3-4d2a-ac42-29ee31f48ff4","iPhone","geoLocation",47.6102707582436,-122.33319254234
"44",1423452131.46,"eu-west-1:84c07429-eaa3-4d2a-ac42-29ee31f48ff4","iPhone","geoLocation",47.6102707582436,-122.33319254234
"45",1423452131.795,"eu-west-1:84c07429-eaa3-4d2a-ac42-29ee31f48ff4","iPhone","geoLocation",47.6102707582436,-122.33319254234
"46",1423452132.128,"eu-west-1:84c07429-eaa3-4d2a-ac42-29ee31f48ff4","iPhone","geoLocation",47.610208954528,-122.33316027421
"47",1423452132.462,"eu-west-1:84c07429-eaa3-4d2a-ac42-29ee31f48ff4","iPhone","geoLocation",47.6102156337292,-122.333192743141
"48",1423452132.796,"eu-west-1:84c07429-eaa3-4d2a-ac42-29ee31f48ff4","iPhone","geoLocation",47.6102177989304,-122.333202859198
"49",1423452133.13,"eu-west-1:84c07429-eaa3-4d2a-ac42-29ee31f48ff4","iPhone","geoLocation",47.6102182354475,-122.333204942996
"50",1423452133.466,"eu-west-1:84c07429-eaa3-4d2a-ac42-29ee31f48ff4","iPhone","geoLocation",47.6102184418093,-122.333206926472
"51",1423452133.8,"eu-west-1:84c07429-eaa3-4d2a-ac42-29ee31f48ff4","iPhone","geoLocation",47.6102187421303,-122.333207116847
"52",1423452134.138,"eu-west-1:84c07429-eaa3-4d2a-ac42-29ee31f48ff4","iPhone","geoLocation",47.6102187111645,-122.333207102545
"53",1423452134.471,"eu-west-1:84c07429-eaa3-4d2a-ac42-29ee31f48ff4","iPhone","geoLocation",47.6102188373802,-122.333207161865
"54",1423452134.807,"eu-west-1:84c07429-eaa3-4d2a-ac42-29ee31f48ff4","iPhone","geoLocation",47.6102187501119,-122.333207120851
"55",1423452135.142,"eu-west-1:84c07429-eaa3-4d2a-ac42-29ee31f48ff4","iPhone","geoLocation",47.6102186633322,-122.333207080068
"56",1423452135.476,"eu-west-1:84c07429-eaa3-4d2a-ac42-29ee31f48ff4","iPhone","geoLocation",47.610218731166,-122.333207111947
"57",1423452135.811,"eu-west-1:84c07429-eaa3-4d2a-ac42-29ee31f48ff4","iPhone","geoLocation",47.610218747087,-122.33320711943
"58",1423452136.148,"eu-west-1:84c07429-eaa3-4d2a-ac42-29ee31f48ff4","iPhone","geoLocation",47.6102188405518,-122.333207163355
"59",1423452136.482,"eu-west-1:84c07429-eaa3-4d2a-ac42-29ee31f48ff4","iPhone","geoLocation",47.610218847123,-122.333207166443
"60",1423452136.815,"eu-west-1:84c07429-eaa3-4d2a-ac42-29ee31f48ff4","iPhone","geoLocation",47.6102408968958,-122.333280604588
"61",1423452137.149,"eu-west-1:84c07429-eaa3-4d2a-ac42-29ee31f48ff4","iPhone","geoLocation",47.6102408968958,-122.333280604588
"62",1423452137.483,"eu-west-1:84c07429-eaa3-4d2a-ac42-29ee31f48ff4","iPhone","geoLocation",47.6102408968958,-122.333280604588
"63",1423452137.816,"eu-west-1:84c07429-eaa3-4d2a-ac42-29ee31f48ff4","iPhone","geoLocation",47.6102408968958,-122.333280604588
"64",1423452138.171,"eu-west-1:84c07429-eaa3-4d2a-ac42-29ee31f48ff4","iPhone","geoLocation",47.6102408968958,-122.333280604588
"65",1423452138.506,"eu-west-1:84c07429-eaa3-4d2a-ac42-29ee31f48ff4","iPhone","geoLocation",47.6102408968958,-122.333280604588
"66",1423452138.84,"eu-west-1:84c07429-eaa3-4d2a-ac42-29ee31f48ff4","iPhone","geoLocation",47.6102408968958,-122.333280604588
"67",1423452139.174,"eu-west-1:84c07429-eaa3-4d2a-ac42-29ee31f48ff4","iPhone","geoLocation",47.6102408968958,-122.333280604588
"68",1423452139.508,"eu-west-1:84c07429-eaa3-4d2a-ac42-29ee31f48ff4","iPhone","geoLocation",47.6102408968958,-122.333280604588
"69",1423452139.842,"eu-west-1:84c07429-eaa3-4d2a-ac42-29ee31f48ff4","iPhone","geoLocation",47.6102408968958,-122.333280604588
"70",1423452140.178,"eu-west-1:84c07429-eaa3-4d2a-ac42-29ee31f48ff4","iPhone","geoLocation",47.6102408968958,-122.333280604588
"71",1423452140.512,"eu-west-1:84c07429-eaa3-4d2a-ac42-29ee31f48ff4","iPhone","geoLocation",47.6102408968958,-122.333280604588
"72",1423452140.847,"eu-west-1:84c07429-eaa3-4d2a-ac42-29ee31f48ff4","iPhone","geoLocation",47.6102408968958,-122.333280604588
"73",1423452141.181,"eu-west-1:84c07429-eaa3-4d2a-ac42-29ee31f48ff4","iPhone","geoLocation",47.6102408968958,-122.333280604588
"74",1423452141.517,"eu-west-1:84c07429-eaa3-4d2a-ac42-29ee31f48ff4","iPhone","geoLocation",47.6102408968958,-122.333280604588
"75",1423452141.852,"eu-west-1:84c07429-eaa3-4d2a-ac42-29ee31f48ff4","iPhone","geoLocation",47.6102408968958,-122.333280604588
"76",1423452142.186,"eu-west-1:84c07429-eaa3-4d2a-ac42-29ee31f48ff4","iPhone","geoLocation",47.6102408968958,-122.333280604588
"77",1423452142.521,"eu-west-1:84c07429-eaa3-4d2a-ac42-29ee31f48ff4","iPhone","geoLocation",47.6102408968958,-122.333280604588
"78",1423452142.855,"eu-west-1:84c07429-eaa3-4d2a-ac42-29ee31f48ff4","iPhone","geoLocation",47.6102408968958,-122.333280604588
"79",1423452143.192,"eu-west-1:84c07429-eaa3-4d2a-ac42-29ee31f48ff4","iPhone","geoLocation",47.6102408968958,-122.333280604588
"80",1423452143.526,"eu-west-1:84c07429-eaa3-4d2a-ac42-29ee31f48ff4","iPhone","geoLocation",47.6101967582933,-122.333132931582
"81",1423452143.859,"eu-west-1:84c07429-eaa3-4d2a-ac42-29ee31f48ff4","iPhone","geoLocation",47.610196665818,-122.333131330338
"82",1423452144.235,"eu-west-1:84c07429-eaa3-4d2a-ac42-29ee31f48ff4","iPhone","geoLocation",47.6102165310469,-122.333155736289
"83",1423452144.576,"eu-west-1:84c07429-eaa3-4d2a-ac42-29ee31f48ff4","iPhone","geoLocation",47.6102173849527,-122.333157243905
"84",1423452144.912,"eu-west-1:84c07429-eaa3-4d2a-ac42-29ee31f48ff4","iPhone","geoLocation",47.6102184896537,-122.333160885755
"85",1423452145.245,"eu-west-1:84c07429-eaa3-4d2a-ac42-29ee31f48ff4","iPhone","geoLocation",47.6102185176766,-122.333160976384
"86",1423452145.579,"eu-west-1:84c07429-eaa3-4d2a-ac42-29ee31f48ff4","iPhone","geoLocation",47.6102183245831,-122.333160297184
"87",1423452145.921,"eu-west-1:84c07429-eaa3-4d2a-ac42-29ee31f48ff4","iPhone","geoLocation",47.6102184221037,-122.33316064018
"88",1423452146.256,"eu-west-1:84c07429-eaa3-4d2a-ac42-29ee31f48ff4","iPhone","geoLocation",47.6102184137997,-122.333160610973
"89",1423452146.593,"eu-west-1:84c07429-eaa3-4d2a-ac42-29ee31f48ff4","iPhone","geoLocation",47.6102184287614,-122.333160663596
"90",1423452146.928,"eu-west-1:84c07429-eaa3-4d2a-ac42-29ee31f48ff4","iPhone","geoLocation",47.6102184789902,-122.33316084026
"91",1423452147.262,"eu-west-1:84c07429-eaa3-4d2a-ac42-29ee31f48ff4","iPhone","geoLocation",47.6102184799286,-122.33316084356
"92",1423452147.596,"eu-west-1:84c07429-eaa3-4d2a-ac42-29ee31f48ff4","iPhone","geoLocation",47.6102184458017,-122.33316072353
"93",1423452147.93,"eu-west-1:84c07429-eaa3-4d2a-ac42-29ee31f48ff4","iPhone","geoLocation",47.6102185093258,-122.333160946956
"94",1423452148.268,"eu-west-1:84c07429-eaa3-4d2a-ac42-29ee31f48ff4","iPhone","geoLocation",47.610218103309,-122.333187721335
"95",1423452148.602,"eu-west-1:84c07429-eaa3-4d2a-ac42-29ee31f48ff4","iPhone","geoLocation",47.610218103309,-122.333187721335
"96",1423452148.936,"eu-west-1:84c07429-eaa3-4d2a-ac42-29ee31f48ff4","iPhone","geoLocation",47.610218103309,-122.333187721335
"97",1423452149.275,"eu-west-1:84c07429-eaa3-4d2a-ac42-29ee31f48ff4","iPhone","geoLocation",47.610218103309,-122.333187721335
"98",1423452149.609,"eu-west-1:84c07429-eaa3-4d2a-ac42-29ee31f48ff4","iPhone","geoLocation",47.610218103309,-122.333187721335
"99",1423452149.942,"eu-west-1:84c07429-eaa3-4d2a-ac42-29ee31f48ff4","iPhone","geoLocation",47.610218103309,-122.333187721335
"100",1423452150.278,"eu-west-1:84c07429-eaa3-4d2a-ac42-29ee31f48ff4","iPhone","geoLocation",47.610218103309,-122.333187721335
"101",1423452150.615,"eu-west-1:84c07429-eaa3-4d2a-ac42-29ee31f48ff4","iPhone","geoLocation",47.610218103309,-122.333187721335
"102",1423452150.95,"eu-west-1:84c07429-eaa3-4d2a-ac42-29ee31f48ff4","iPhone","geoLocation",47.610218103309,-122.333187721335
"103",1423452151.283,"eu-west-1:84c07429-eaa3-4d2a-ac42-29ee31f48ff4","iPhone","geoLocation",47.610218103309,-122.333187721335
"104",1423452151.619,"eu-west-1:84c07429-eaa3-4d2a-ac42-29ee31f48ff4","iPhone","geoLocation",47.610218103309,-122.333187721335
"105",1423452151.953,"eu-west-1:84c07429-eaa3-4d2a-ac42-29ee31f48ff4","iPhone","geoLocation",47.610218103309,-122.333187721335
"106",1423452152.287,"eu-west-1:84c07429-eaa3-4d2a-ac42-29ee31f48ff4","iPhone","geoLocation",47.610218103309,-122.333187721335
"107",1423452152.621,"eu-west-1:84c07429-eaa3-4d2a-ac42-29ee31f48ff4","iPhone","geoLocation",47.610218103309,-122.333187721335
"108",1423452152.954,"eu-west-1:84c07429-eaa3-4d2a-ac42-29ee31f48ff4","iPhone","geoLocation",47.610218103309,-122.333187721335
"109",1423452153.288,"eu-west-1:84c07429-eaa3-4d2a-ac42-29ee31f48ff4","iPhone","geoLocation",47.610218103309,-122.333187721335
"110",1423452153.621,"eu-west-1:84c07429-eaa3-4d2a-ac42-29ee31f48ff4","iPhone","geoLocation",47.610218103309,-122.333187721335
"111",1423452153.955,"eu-west-1:84c07429-eaa3-4d2a-ac42-29ee31f48ff4","iPhone","geoLocation",47.610218103309,-122.333187721335
"112",1423452154.289,"eu-west-1:84c07429-eaa3-4d2a-ac42-29ee31f48ff4","iPhone","geoLocation",47.610218103309,-122.333187721335
"113",1423452154.626,"eu-west-1:84c07429-eaa3-4d2a-ac42-29ee31f48ff4","iPhone","geoLocation",47.610218103309,-122.333187721335
"114",1423452154.961,"eu-west-1:84c07429-eaa3-4d2a-ac42-29ee31f48ff4","iPhone","geoLocation",47.6102217862461,-122.333254583641
"115",1423452155.295,"eu-west-1:84c07429-eaa3-4d2a-ac42-29ee31f48ff4","iPhone","geoLocation",47.6102218504242,-122.333255056166
"116",1423452155.628,"eu-west-1:84c07429-eaa3-4d2a-ac42-29ee31f48ff4","iPhone","geoLocation",47.6102197785462,-122.333209805079
"117",1423452155.967,"eu-west-1:84c07429-eaa3-4d2a-ac42-29ee31f48ff4","iPhone","geoLocation",47.6102198449667,-122.333207702078
"118",1423452156.301,"eu-west-1:84c07429-eaa3-4d2a-ac42-29ee31f48ff4","iPhone","geoLocation",47.6102201852945,-122.333207104449
"119",1423452156.639,"eu-west-1:84c07429-eaa3-4d2a-ac42-29ee31f48ff4","iPhone","geoLocation",47.6102205401953,-122.333206604819
"120",1423452156.973,"eu-west-1:84c07429-eaa3-4d2a-ac42-29ee31f48ff4","iPhone","geoLocation",47.6102205559721,-122.333206586802
"121",1423452157.308,"eu-west-1:84c07429-eaa3-4d2a-ac42-29ee31f48ff4","iPhone","geoLocation",47.610220549194,-122.333206476959
"122",1423452157.642,"eu-west-1:84c07429-eaa3-4d2a-ac42-29ee31f48ff4","iPhone","geoLocation",47.6102205586833,-122.333206627455
"123",1423452157.975,"eu-west-1:84c07429-eaa3-4d2a-ac42-29ee31f48ff4","iPhone","geoLocation",47.6102205481131,-122.333206459794
"124",1423452158.311,"eu-west-1:84c07429-eaa3-4d2a-ac42-29ee31f48ff4","iPhone","geoLocation",47.610220570596,-122.333206816407
"125",1423452158.645,"eu-west-1:84c07429-eaa3-4d2a-ac42-29ee31f48ff4","iPhone","geoLocation",47.6102205426548,-122.333206373216
"126",1423452158.979,"eu-west-1:84c07429-eaa3-4d2a-ac42-29ee31f48ff4","iPhone","geoLocation",47.6102205566426,-122.333206595085
"127",1423452159.327,"eu-west-1:84c07429-eaa3-4d2a-ac42-29ee31f48ff4","iPhone","geoLocation",47.6102205783742,-122.333206939781
"128",1423452159.666,"eu-west-1:84c07429-eaa3-4d2a-ac42-29ee31f48ff4","iPhone","geoLocation",47.6102205497168,-122.33320648523
"129",1423452160,"eu-west-1:84c07429-eaa3-4d2a-ac42-29ee31f48ff4","iPhone","geoLocation",47.6102271175059,-122.333216623332
"130",1423452160.333,"eu-west-1:84c07429-eaa3-4d2a-ac42-29ee31f48ff4","iPhone","geoLocation",47.6102271175059,-122.333216623332
"131",1423452160.667,"eu-west-1:84c07429-eaa3-4d2a-ac42-29ee31f48ff4","iPhone","geoLocation",47.6102271175059,-122.333216623332
"132",1423452161.001,"eu-west-1:84c07429-eaa3-4d2a-ac42-29ee31f48ff4","iPhone","geoLocation",47.6102271175059,-122.333216623332
"133",1423452161.336,"eu-west-1:84c07429-eaa3-4d2a-ac42-29ee31f48ff4","iPhone","geoLocation",47.6102271175059,-122.333216623332
"134",1423452161.67,"eu-west-1:84c07429-eaa3-4d2a-ac42-29ee31f48ff4","iPhone","geoLocation",47.6102271175059,-122.333216623332
"135",1423452162.003,"eu-west-1:84c07429-eaa3-4d2a-ac42-29ee31f48ff4","iPhone","geoLocation",47.6102271175059,-122.333216623332
"136",1423452162.339,"eu-west-1:84c07429-eaa3-4d2a-ac42-29ee31f48ff4","iPhone","geoLocation",47.6102271175059,-122.333216623332
"137",1423452162.681,"eu-west-1:84c07429-eaa3-4d2a-ac42-29ee31f48ff4","iPhone","geoLocation",47.6102271175059,-122.333216623332
"138",1423452163.017,"eu-west-1:84c07429-eaa3-4d2a-ac42-29ee31f48ff4","iPhone","geoLocation",47.6102271175059,-122.333216623332
"139",1423452163.352,"eu-west-1:84c07429-eaa3-4d2a-ac42-29ee31f48ff4","iPhone","geoLocation",47.6102271175059,-122.333216623332
"140",1423452163.686,"eu-west-1:84c07429-eaa3-4d2a-ac42-29ee31f48ff4","iPhone","geoLocation",47.6102271175059,-122.333216623332
"141",1423452164.02,"eu-west-1:84c07429-eaa3-4d2a-ac42-29ee31f48ff4","iPhone","geoLocation",47.6102271175059,-122.333216623332
"142",1423452164.355,"eu-west-1:84c07429-eaa3-4d2a-ac42-29ee31f48ff4","iPhone","geoLocation",47.6102271175059,-122.333216623332
"143",1423452164.691,"eu-west-1:84c07429-eaa3-4d2a-ac42-29ee31f48ff4","iPhone","geoLocation",47.6102271175059,-122.333216623332
"144",1423452165.025,"eu-west-1:84c07429-eaa3-4d2a-ac42-29ee31f48ff4","iPhone","geoLocation",47.6102271175059,-122.333216623332
"145",1423452165.359,"eu-west-1:84c07429-eaa3-4d2a-ac42-29ee31f48ff4","iPhone","geoLocation",47.6102271175059,-122.333216623332
"146",1423452165.694,"eu-west-1:84c07429-eaa3-4d2a-ac42-29ee31f48ff4","iPhone","geoLocation",47.6102271175059,-122.333216623332
"147",1423452166.029,"eu-west-1:84c07429-eaa3-4d2a-ac42-29ee31f48ff4","iPhone","geoLocation",47.6102271175059,-122.333216623332
"148",1423452166.364,"eu-west-1:84c07429-eaa3-4d2a-ac42-29ee31f48ff4","iPhone","geoLocation",47.610187289114,-122.333061007557
"149",1423452166.699,"eu-west-1:84c07429-eaa3-4d2a-ac42-29ee31f48ff4","iPhone","geoLocation",47.6101867536473,-122.333058495747
"150",1423452167.033,"eu-west-1:84c07429-eaa3-4d2a-ac42-29ee31f48ff4","iPhone","geoLocation",47.6102203266612,-122.333092132194
"151",1423452167.369,"eu-west-1:84c07429-eaa3-4d2a-ac42-29ee31f48ff4","iPhone","geoLocation",47.6102212211529,-122.333092781263
"152",1423452167.703,"eu-west-1:84c07429-eaa3-4d2a-ac42-29ee31f48ff4","iPhone","geoLocation",47.6102231990636,-122.333093757919
"153",1423452168.037,"eu-west-1:84c07429-eaa3-4d2a-ac42-29ee31f48ff4","iPhone","geoLocation",47.610223394231,-122.333094174745
"154",1423452168.375,"eu-west-1:84c07429-eaa3-4d2a-ac42-29ee31f48ff4","iPhone","geoLocation",47.610223413907,-122.33309425536
"155",1423452168.709,"eu-west-1:84c07429-eaa3-4d2a-ac42-29ee31f48ff4","iPhone","geoLocation",47.6102233696619,-122.333094071794
"156",1423452169.043,"eu-west-1:84c07429-eaa3-4d2a-ac42-29ee31f48ff4","iPhone","geoLocation",47.6102234096321,-122.333094237613
"157",1423452169.377,"eu-west-1:84c07429-eaa3-4d2a-ac42-29ee31f48ff4","iPhone","geoLocation",47.6102234316181,-122.333094328824
"158",1423452169.715,"eu-west-1:84c07429-eaa3-4d2a-ac42-29ee31f48ff4","iPhone","geoLocation",47.610223317762,-122.333093856484
"159",1423452170.048,"eu-west-1:84c07429-eaa3-4d2a-ac42-29ee31f48ff4","iPhone","geoLocation",47.6102233695894,-122.333094071493
"160",1423452170.383,"eu-west-1:84c07429-eaa3-4d2a-ac42-29ee31f48ff4","iPhone","geoLocation",47.6102234170426,-122.333094268356
"161",1423452170.716,"eu-west-1:84c07429-eaa3-4d2a-ac42-29ee31f48ff4","iPhone","geoLocation",47.6102233568978,-122.333094018841
"162",1423452171.052,"eu-west-1:84c07429-eaa3-4d2a-ac42-29ee31f48ff4","iPhone","geoLocation",47.6102234187318,-122.333094275364
"163",1423452171.388,"eu-west-1:84c07429-eaa3-4d2a-ac42-29ee31f48ff4","iPhone","geoLocation",47.6102383691755,-122.333056771067
"164",1423452171.726,"eu-west-1:84c07429-eaa3-4d2a-ac42-29ee31f48ff4","iPhone","geoLocation",47.6102383691755,-122.333056771067
"165",1423452172.062,"eu-west-1:84c07429-eaa3-4d2a-ac42-29ee31f48ff4","iPhone","geoLocation",47.6102383691755,-122.333056771067
"166",1423452172.396,"eu-west-1:84c07429-eaa3-4d2a-ac42-29ee31f48ff4","iPhone","geoLocation",47.6102383691755,-122.333056771067
"167",1423452172.731,"eu-west-1:84c07429-eaa3-4d2a-ac42-29ee31f48ff4","iPhone","geoLocation",47.6102383691755,-122.333056771067
"168",1423452173.065,"eu-west-1:84c07429-eaa3-4d2a-ac42-29ee31f48ff4","iPhone","geoLocation",47.6102383691755,-122.333056771067
"169",1423452173.398,"eu-west-1:84c07429-eaa3-4d2a-ac42-29ee31f48ff4","iPhone","geoLocation",47.6102383691755,-122.333056771067
"170",1423452173.735,"eu-west-1:84c07429-eaa3-4d2a-ac42-29ee31f48ff4","iPhone","geoLocation",47.6102383691755,-122.333056771067
"171",1423452174.069,"eu-west-1:84c07429-eaa3-4d2a-ac42-29ee31f48ff4","iPhone","geoLocation",47.6102383691755,-122.333056771067
"172",1423452174.403,"eu-west-1:84c07429-eaa3-4d2a-ac42-29ee31f48ff4","iPhone","geoLocation",47.6102383691755,-122.333056771067
"173",1423452174.738,"eu-west-1:84c07429-eaa3-4d2a-ac42-29ee31f48ff4","iPhone","geoLocation",47.6102383691755,-122.333056771067
"174",1423452175.074,"eu-west-1:84c07429-eaa3-4d2a-ac42-29ee31f48ff4","iPhone","geoLocation",47.6102383691755,-122.333056771067
"175",1423452175.409,"eu-west-1:84c07429-eaa3-4d2a-ac42-29ee31f48ff4","iPhone","geoLocation",47.6102383691755,-122.333056771067
"176",1423452175.744,"eu-west-1:84c07429-eaa3-4d2a-ac42-29ee31f48ff4","iPhone","geoLocation",47.6102383691755,-122.333056771067
"177",1423452176.078,"eu-west-1:84c07429-eaa3-4d2a-ac42-29ee31f48ff4","iPhone","geoLocation",47.6102383691755,-122.333056771067
"178",1423452176.415,"eu-west-1:84c07429-eaa3-4d2a-ac42-29ee31f48ff4","iPhone","geoLocation",47.6102383691755,-122.333056771067
"179",1423452176.751,"eu-west-1:84c07429-eaa3-4d2a-ac42-29ee31f48ff4","iPhone","geoLocation",47.6102383691755,-122.333056771067
"180",1423452177.086,"eu-west-1:84c07429-eaa3-4d2a-ac42-29ee31f48ff4","iPhone","geoLocation",47.6102383691755,-122.333056771067
"181",1423452177.422,"eu-west-1:84c07429-eaa3-4d2a-ac42-29ee31f48ff4","iPhone","geoLocation",47.6102383691755,-122.333056771067
"182",1423452177.756,"eu-west-1:84c07429-eaa3-4d2a-ac42-29ee31f48ff4","iPhone","geoLocation",47.6102075532966,-122.333153656043
"183",1423452178.091,"eu-west-1:84c07429-eaa3-4d2a-ac42-29ee31f48ff4","iPhone","geoLocation",47.6102074862765,-122.333155997117
"184",1423452178.427,"eu-west-1:84c07429-eaa3-4d2a-ac42-29ee31f48ff4","iPhone","geoLocation",47.6102074755506,-122.333156048976
"185",1423452178.761,"eu-west-1:84c07429-eaa3-4d2a-ac42-29ee31f48ff4","iPhone","geoLocation",47.6102019503663,-122.333214353403
"186",1423452179.094,"eu-west-1:84c07429-eaa3-4d2a-ac42-29ee31f48ff4","iPhone","geoLocation",47.610201729286,-122.333223554638
"187",1423452179.43,"eu-west-1:84c07429-eaa3-4d2a-ac42-29ee31f48ff4","iPhone","geoLocation",47.6102017372537,-122.333224543147
"188",1423452179.765,"eu-west-1:84c07429-eaa3-4d2a-ac42-29ee31f48ff4","iPhone","geoLocation",47.6102018330501,-122.333224488675
"189",1423452180.098,"eu-west-1:84c07429-eaa3-4d2a-ac42-29ee31f48ff4","iPhone","geoLocation",47.6102018872994,-122.333224317256
"190",1423452180.432,"eu-west-1:84c07429-eaa3-4d2a-ac42-29ee31f48ff4","iPhone","geoLocation",47.6102019474111,-122.333224112042
"191",1423452180.766,"eu-west-1:84c07429-eaa3-4d2a-ac42-29ee31f48ff4","iPhone","geoLocation",47.6102018782654,-122.333224348133
"192",1423452181.1,"eu-west-1:84c07429-eaa3-4d2a-ac42-29ee31f48ff4","iPhone","geoLocation",47.6102019326951,-122.333224162289
"193",1423452181.434,"eu-west-1:84c07429-eaa3-4d2a-ac42-29ee31f48ff4","iPhone","geoLocation",47.6102019286138,-122.333224176224
"194",1423452181.768,"eu-west-1:84c07429-eaa3-4d2a-ac42-29ee31f48ff4","iPhone","geoLocation",47.6102018732697,-122.333224365191
"195",1423452182.103,"eu-west-1:84c07429-eaa3-4d2a-ac42-29ee31f48ff4","iPhone","geoLocation",47.610201882252,-122.333224334522
"196",1423452182.437,"eu-west-1:84c07429-eaa3-4d2a-ac42-29ee31f48ff4","iPhone","geoLocation",47.610201803,-122.33322460512
"197",1423452182.772,"eu-west-1:84c07429-eaa3-4d2a-ac42-29ee31f48ff4","iPhone","geoLocation",47.610201945928,-122.333224117106
"198",1423452183.105,"eu-west-1:84c07429-eaa3-4d2a-ac42-29ee31f48ff4","iPhone","geoLocation",47.610201945928,-122.333224117106
"199",1423452183.45,"eu-west-1:84c07429-eaa3-4d2a-ac42-29ee31f48ff4","iPhone","geoLocation",47.610201945928,-122.333224117106
"200",1423452183.788,"eu-west-1:84c07429-eaa3-4d2a-ac42-29ee31f48ff4","iPhone","geoLocation",47.610201945928,-122.333224117106
"201",1423452184.122,"eu-west-1:84c07429-eaa3-4d2a-ac42-29ee31f48ff4","iPhone","geoLocation",47.610201945928,-122.333224117106
"202",1423452184.459,"eu-west-1:84c07429-eaa3-4d2a-ac42-29ee31f48ff4","iPhone","geoLocation",47.610201945928,-122.333224117106
"203",1423452184.793,"eu-west-1:84c07429-eaa3-4d2a-ac42-29ee31f48ff4","iPhone","geoLocation",47.610201945928,-122.333224117106
"204",1423452185.128,"eu-west-1:84c07429-eaa3-4d2a-ac42-29ee31f48ff4","iPhone","geoLocation",47.610201945928,-122.333224117106
"205",1423452185.462,"eu-west-1:84c07429-eaa3-4d2a-ac42-29ee31f48ff4","iPhone","geoLocation",47.610201945928,-122.333224117106
"206",1423452185.798,"eu-west-1:84c07429-eaa3-4d2a-ac42-29ee31f48ff4","iPhone","geoLocation",47.610201945928,-122.333224117106
"207",1423452186.132,"eu-west-1:84c07429-eaa3-4d2a-ac42-29ee31f48ff4","iPhone","geoLocation",47.610201945928,-122.333224117106
"208",1423452186.475,"eu-west-1:84c07429-eaa3-4d2a-ac42-29ee31f48ff4","iPhone","geoLocation",47.610201945928,-122.333224117106
"209",1423452186.808,"eu-west-1:84c07429-eaa3-4d2a-ac42-29ee31f48ff4","iPhone","geoLocation",47.610201945928,-122.333224117106
"210",1423452187.142,"eu-west-1:84c07429-eaa3-4d2a-ac42-29ee31f48ff4","iPhone","geoLocation",47.610201945928,-122.333224117106
"211",1423452187.478,"eu-west-1:84c07429-eaa3-4d2a-ac42-29ee31f48ff4","iPhone","geoLocation",47.610201945928,-122.333224117106
"212",1423452187.812,"eu-west-1:84c07429-eaa3-4d2a-ac42-29ee31f48ff4","iPhone","geoLocation",47.610201945928,-122.333224117106
"213",1423452188.147,"eu-west-1:84c07429-eaa3-4d2a-ac42-29ee31f48ff4","iPhone","geoLocation",47.610201945928,-122.333224117106
"214",1423452188.482,"eu-west-1:84c07429-eaa3-4d2a-ac42-29ee31f48ff4","iPhone","geoLocation",47.610201945928,-122.333224117106
"215",1423452188.818,"eu-west-1:84c07429-eaa3-4d2a-ac42-29ee31f48ff4","iPhone","geoLocation",47.610201945928,-122.333224117106
"216",1423452189.155,"eu-west-1:84c07429-eaa3-4d2a-ac42-29ee31f48ff4","iPhone","geoLocation",47.610198813364,-122.333193025562
"217",1423452189.491,"eu-west-1:84c07429-eaa3-4d2a-ac42-29ee31f48ff4","iPhone","geoLocation",47.6102005812047,-122.333183105836
"218",1423452189.826,"eu-west-1:84c07429-eaa3-4d2a-ac42-29ee31f48ff4","iPhone","geoLocation",47.610216953068,-122.333207040233
"219",1423452190.161,"eu-west-1:84c07429-eaa3-4d2a-ac42-29ee31f48ff4","iPhone","geoLocation",47.6102179115326,-122.333208210434
"220",1423452190.499,"eu-west-1:84c07429-eaa3-4d2a-ac42-29ee31f48ff4","iPhone","geoLocation",47.6102184591699,-122.333209537594
"221",1423452190.836,"eu-west-1:84c07429-eaa3-4d2a-ac42-29ee31f48ff4","iPhone","geoLocation",47.6102190990675,-122.33321106689
"222",1423452191.17,"eu-west-1:84c07429-eaa3-4d2a-ac42-29ee31f48ff4","iPhone","geoLocation",47.6102191020727,-122.333211080416
"223",1423452191.503,"eu-west-1:84c07429-eaa3-4d2a-ac42-29ee31f48ff4","iPhone","geoLocation",47.6102191023158,-122.333211105587
"224",1423452191.837,"eu-west-1:84c07429-eaa3-4d2a-ac42-29ee31f48ff4","iPhone","geoLocation",47.6102191017259,-122.333211030413
"225",1423452192.17,"eu-west-1:84c07429-eaa3-4d2a-ac42-29ee31f48ff4","iPhone","geoLocation",47.6102191016744,-122.333211023867
"226",1423452192.507,"eu-west-1:84c07429-eaa3-4d2a-ac42-29ee31f48ff4","iPhone","geoLocation",47.6102191024225,-122.33321111908
"227",1423452192.842,"eu-west-1:84c07429-eaa3-4d2a-ac42-29ee31f48ff4","iPhone","geoLocation",47.6102191020665,-122.333211073769
"228",1423452193.176,"eu-west-1:84c07429-eaa3-4d2a-ac42-29ee31f48ff4","iPhone","geoLocation",47.6102191026383,-122.333211146541
"229",1423452193.51,"eu-west-1:84c07429-eaa3-4d2a-ac42-29ee31f48ff4","iPhone","geoLocation",47.6102191016746,-122.33321102389
"230",1423452193.843,"eu-west-1:84c07429-eaa3-4d2a-ac42-29ee31f48ff4","iPhone","geoLocation",47.6102191026014,-122.333211141851
"231",1423452194.177,"eu-west-1:84c07429-eaa3-4d2a-ac42-29ee31f48ff4","iPhone","geoLocation",47.6102261268747,-122.333219940639
"232",1423452194.512,"eu-west-1:84c07429-eaa3-4d2a-ac42-29ee31f48ff4","iPhone","geoLocation",47.6102261268747,-122.333219940639
"233",1423452194.847,"eu-west-1:84c07429-eaa3-4d2a-ac42-29ee31f48ff4","iPhone","geoLocation",47.6102261268747,-122.333219940639
"234",1423452195.185,"eu-west-1:84c07429-eaa3-4d2a-ac42-29ee31f48ff4","iPhone","geoLocation",47.6102261268747,-122.333219940639
"235",1423452195.519,"eu-west-1:84c07429-eaa3-4d2a-ac42-29ee31f48ff4","iPhone","geoLocation",47.6102261268747,-122.333219940639
"236",1423452195.853,"eu-west-1:84c07429-eaa3-4d2a-ac42-29ee31f48ff4","iPhone","geoLocation",47.6102261268747,-122.333219940639
"237",1423452196.186,"eu-west-1:84c07429-eaa3-4d2a-ac42-29ee31f48ff4","iPhone","geoLocation",47.6102261268747,-122.333219940639
"238",1423452196.529,"eu-west-1:84c07429-eaa3-4d2a-ac42-29ee31f48ff4","iPhone","geoLocation",47.6102261268747,-122.333219940639
"239",1423452196.864,"eu-west-1:84c07429-eaa3-4d2a-ac42-29ee31f48ff4","iPhone","geoLocation",47.6102261268747,-122.333219940639
"240",1423452197.201,"eu-west-1:84c07429-eaa3-4d2a-ac42-29ee31f48ff4","iPhone","geoLocation",47.6102261268747,-122.333219940639
"241",1423452197.534,"eu-west-1:84c07429-eaa3-4d2a-ac42-29ee31f48ff4","iPhone","geoLocation",47.6102261268747,-122.333219940639
"242",1423452197.867,"eu-west-1:84c07429-eaa3-4d2a-ac42-29ee31f48ff4","iPhone","geoLocation",47.6102261268747,-122.333219940639
"243",1423452198.202,"eu-west-1:84c07429-eaa3-4d2a-ac42-29ee31f48ff4","iPhone","geoLocation",47.6102261268747,-122.333219940639
"244",1423452198.536,"eu-west-1:84c07429-eaa3-4d2a-ac42-29ee31f48ff4","iPhone","geoLocation",47.6102261268747,-122.333219940639
"245",1423452198.87,"eu-west-1:84c07429-eaa3-4d2a-ac42-29ee31f48ff4","iPhone","geoLocation",47.6102261268747,-122.333219940639
"246",1423452199.204,"eu-west-1:84c07429-eaa3-4d2a-ac42-29ee31f48ff4","iPhone","geoLocation",47.6102261268747,-122.333219940639
"247",1423452199.538,"eu-west-1:84c07429-eaa3-4d2a-ac42-29ee31f48ff4","iPhone","geoLocation",47.6102261268747,-122.333219940639
"248",1423452199.872,"eu-west-1:84c07429-eaa3-4d2a-ac42-29ee31f48ff4","iPhone","geoLocation",47.6102261268747,-122.333219940639
"249",1423452200.213,"eu-west-1:84c07429-eaa3-4d2a-ac42-29ee31f48ff4","iPhone","geoLocation",47.6102261268747,-122.333219940639
"250",1423452200.548,"eu-west-1:84c07429-eaa3-4d2a-ac42-29ee31f48ff4","iPhone","geoLocation",47.6102469990698,-122.333067542701
"251",1423452200.882,"eu-west-1:84c07429-eaa3-4d2a-ac42-29ee31f48ff4","iPhone","geoLocation",47.6102470310135,-122.333067337649
"252",1423452201.216,"eu-west-1:84c07429-eaa3-4d2a-ac42-29ee31f48ff4","iPhone","geoLocation",47.6102226997339,-122.333159042843
"253",1423452201.571,"eu-west-1:84c07429-eaa3-4d2a-ac42-29ee31f48ff4","iPhone","geoLocation",47.6102223732025,-122.333161636299
"254",1423452201.905,"eu-west-1:84c07429-eaa3-4d2a-ac42-29ee31f48ff4","iPhone","geoLocation",47.6102225557091,-122.333163457074
"255",1423452202.239,"eu-west-1:84c07429-eaa3-4d2a-ac42-29ee31f48ff4","iPhone","geoLocation",47.6102227116901,-122.333163110305
"256",1423452202.574,"eu-west-1:84c07429-eaa3-4d2a-ac42-29ee31f48ff4","iPhone","geoLocation",47.6102227206729,-122.333163052583
"257",1423452202.907,"eu-west-1:84c07429-eaa3-4d2a-ac42-29ee31f48ff4","iPhone","geoLocation",47.6102227455963,-122.333162857218
"258",1423452203.241,"eu-west-1:84c07429-eaa3-4d2a-ac42-29ee31f48ff4","iPhone","geoLocation",47.6102226752058,-122.333163409509
"259",1423452203.576,"eu-west-1:84c07429-eaa3-4d2a-ac42-29ee31f48ff4","iPhone","geoLocation",47.6102227198875,-122.333163058933
"260",1423452203.911,"eu-west-1:84c07429-eaa3-4d2a-ac42-29ee31f48ff4","iPhone","geoLocation",47.6102227200167,-122.33316305792
"261",1423452204.245,"eu-west-1:84c07429-eaa3-4d2a-ac42-29ee31f48ff4","iPhone","geoLocation",47.6102226853382,-122.33316333001
"262",1423452204.578,"eu-west-1:84c07429-eaa3-4d2a-ac42-29ee31f48ff4","iPhone","geoLocation",47.6102227233799,-122.333163031532
"263",1423452204.915,"eu-west-1:84c07429-eaa3-4d2a-ac42-29ee31f48ff4","iPhone","geoLocation",47.6102226960116,-122.333163246266
"264",1423452205.249,"eu-west-1:84c07429-eaa3-4d2a-ac42-29ee31f48ff4","iPhone","geoLocation",47.6102226796329,-122.333163374774
"265",1423452205.584,"eu-west-1:84c07429-eaa3-4d2a-ac42-29ee31f48ff4","iPhone","geoLocation",47.6102226796329,-122.333163374774
"266",1423452205.917,"eu-west-1:84c07429-eaa3-4d2a-ac42-29ee31f48ff4","iPhone","geoLocation",47.6102226796329,-122.333163374774
"267",1423452206.252,"eu-west-1:84c07429-eaa3-4d2a-ac42-29ee31f48ff4","iPhone","geoLocation",47.6102226796329,-122.333163374774
"268",1423452206.587,"eu-west-1:84c07429-eaa3-4d2a-ac42-29ee31f48ff4","iPhone","geoLocation",47.6102226796329,-122.333163374774
"269",1423452206.921,"eu-west-1:84c07429-eaa3-4d2a-ac42-29ee31f48ff4","iPhone","geoLocation",47.6102226796329,-122.333163374774
"270",1423452207.255,"eu-west-1:84c07429-eaa3-4d2a-ac42-29ee31f48ff4","iPhone","geoLocation",47.6102226796329,-122.333163374774
"271",1423452207.588,"eu-west-1:84c07429-eaa3-4d2a-ac42-29ee31f48ff4","iPhone","geoLocation",47.6102226796329,-122.333163374774
"272",1423452207.921,"eu-west-1:84c07429-eaa3-4d2a-ac42-29ee31f48ff4","iPhone","geoLocation",47.6102226796329,-122.333163374774
"273",1423452208.257,"eu-west-1:84c07429-eaa3-4d2a-ac42-29ee31f48ff4","iPhone","geoLocation",47.6102226796329,-122.333163374774
"274",1423452208.592,"eu-west-1:84c07429-eaa3-4d2a-ac42-29ee31f48ff4","iPhone","geoLocation",47.6102226796329,-122.333163374774
"275",1423452208.926,"eu-west-1:84c07429-eaa3-4d2a-ac42-29ee31f48ff4","iPhone","geoLocation",47.6102226796329,-122.333163374774
"276",1423452209.261,"eu-west-1:84c07429-eaa3-4d2a-ac42-29ee31f48ff4","iPhone","geoLocation",47.6102226796329,-122.333163374774
"277",1423452209.594,"eu-west-1:84c07429-eaa3-4d2a-ac42-29ee31f48ff4","iPhone","geoLocation",47.6102226796329,-122.333163374774
"278",1423452209.929,"eu-west-1:84c07429-eaa3-4d2a-ac42-29ee31f48ff4","iPhone","geoLocation",47.6102226796329,-122.333163374774
"279",1423452210.266,"eu-west-1:84c07429-eaa3-4d2a-ac42-29ee31f48ff4","iPhone","geoLocation",47.6102226796329,-122.333163374774
"280",1423452210.6,"eu-west-1:84c07429-eaa3-4d2a-ac42-29ee31f48ff4","iPhone","geoLocation",47.6102226796329,-122.333163374774
"281",1423452210.935,"eu-west-1:84c07429-eaa3-4d2a-ac42-29ee31f48ff4","iPhone","geoLocation",47.6102226796329,-122.333163374774
"282",1423452211.269,"eu-west-1:84c07429-eaa3-4d2a-ac42-29ee31f48ff4","iPhone","geoLocation",47.6102226796329,-122.333163374774
"283",1423452211.605,"eu-west-1:84c07429-eaa3-4d2a-ac42-29ee31f48ff4","iPhone","geoLocation",47.6102226796329,-122.333163374774
"284",1423452211.941,"eu-west-1:84c07429-eaa3-4d2a-ac42-29ee31f48ff4","iPhone","geoLocation",47.610204298071,-122.333212378122
"285",1423452212.274,"eu-west-1:84c07429-eaa3-4d2a-ac42-29ee31f48ff4","iPhone","geoLocation",47.6102042865631,-122.333212444826
"286",1423452212.611,"eu-west-1:84c07429-eaa3-4d2a-ac42-29ee31f48ff4","iPhone","geoLocation",47.6102143550778,-122.333149801697
"287",1423452212.946,"eu-west-1:84c07429-eaa3-4d2a-ac42-29ee31f48ff4","iPhone","geoLocation",47.6102149208722,-122.333149528735
"288",1423452213.279,"eu-west-1:84c07429-eaa3-4d2a-ac42-29ee31f48ff4","iPhone","geoLocation",47.6102156375112,-122.333151021018
"289",1423452213.616,"eu-west-1:84c07429-eaa3-4d2a-ac42-29ee31f48ff4","iPhone","geoLocation",47.6102156755663,-122.333150977927
"290",1423452213.952,"eu-west-1:84c07429-eaa3-4d2a-ac42-29ee31f48ff4","iPhone","geoLocation",47.610215611246,-122.333151136293
"291",1423452214.287,"eu-west-1:84c07429-eaa3-4d2a-ac42-29ee31f48ff4","iPhone","geoLocation",47.6102156505061,-122.333151041334
"292",1423452214.622,"eu-west-1:84c07429-eaa3-4d2a-ac42-29ee31f48ff4","iPhone","geoLocation",47.6102156760061,-122.333150979652
"293",1423452214.957,"eu-west-1:84c07429-eaa3-4d2a-ac42-29ee31f48ff4","iPhone","geoLocation",47.6102156818543,-122.333150965506
"294",1423452215.292,"eu-west-1:84c07429-eaa3-4d2a-ac42-29ee31f48ff4","iPhone","geoLocation",47.6102156218706,-122.333151110601
"295",1423452215.625,"eu-west-1:84c07429-eaa3-4d2a-ac42-29ee31f48ff4","iPhone","geoLocation",47.6102156829302,-122.333150962903
"296",1423452215.959,"eu-west-1:84c07429-eaa3-4d2a-ac42-29ee31f48ff4","iPhone","geoLocation",47.6102156522531,-122.333151037109
"297",1423452216.293,"eu-west-1:84c07429-eaa3-4d2a-ac42-29ee31f48ff4","iPhone","geoLocation",47.6102156417466,-122.333151062523
"298",1423452216.628,"eu-west-1:84c07429-eaa3-4d2a-ac42-29ee31f48ff4","iPhone","geoLocation",47.6102243973913,-122.333163903183
"299",1423452216.964,"eu-west-1:84c07429-eaa3-4d2a-ac42-29ee31f48ff4","iPhone","geoLocation",47.6102243973913,-122.333163903183
"300",1423452217.299,"eu-west-1:84c07429-eaa3-4d2a-ac42-29ee31f48ff4","iPhone","geoLocation",47.6102243973913,-122.333163903183
"301",1423452217.632,"eu-west-1:84c07429-eaa3-4d2a-ac42-29ee31f48ff4","iPhone","geoLocation",47.6102243973913,-122.333163903183
"302",1423452217.967,"eu-west-1:84c07429-eaa3-4d2a-ac42-29ee31f48ff4","iPhone","geoLocation",47.6102243973913,-122.333163903183
"303",1423452218.301,"eu-west-1:84c07429-eaa3-4d2a-ac42-29ee31f48ff4","iPhone","geoLocation",47.6102243973913,-122.333163903183
"304",1423452218.636,"eu-west-1:84c07429-eaa3-4d2a-ac42-29ee31f48ff4","iPhone","geoLocation",47.6102243973913,-122.333163903183
"305",1423452218.969,"eu-west-1:84c07429-eaa3-4d2a-ac42-29ee31f48ff4","iPhone","geoLocation",47.6102243973913,-122.333163903183
"306",1423452219.304,"eu-west-1:84c07429-eaa3-4d2a-ac42-29ee31f48ff4","iPhone","geoLocation",47.6102243973913,-122.333163903183
"307",1423452219.638,"eu-west-1:84c07429-eaa3-4d2a-ac42-29ee31f48ff4","iPhone","geoLocation",47.6102243973913,-122.333163903183
"308",1423452219.972,"eu-west-1:84c07429-eaa3-4d2a-ac42-29ee31f48ff4","iPhone","geoLocation",47.6102243973913,-122.333163903183
"309",1423452220.307,"eu-west-1:84c07429-eaa3-4d2a-ac42-29ee31f48ff4","iPhone","geoLocation",47.6102243973913,-122.333163903183
"310",1423452220.641,"eu-west-1:84c07429-eaa3-4d2a-ac42-29ee31f48ff4","iPhone","geoLocation",47.6102243973913,-122.333163903183
"311",1423452220.974,"eu-west-1:84c07429-eaa3-4d2a-ac42-29ee31f48ff4","iPhone","geoLocation",47.6102243973913,-122.333163903183
"312",1423452221.309,"eu-west-1:84c07429-eaa3-4d2a-ac42-29ee31f48ff4","iPhone","geoLocation",47.6102243973913,-122.333163903183
"313",1423452221.647,"eu-west-1:84c07429-eaa3-4d2a-ac42-29ee31f48ff4","iPhone","geoLocation",47.6102243973913,-122.333163903183
"314",1423452221.98,"eu-west-1:84c07429-eaa3-4d2a-ac42-29ee31f48ff4","iPhone","geoLocation",47.6102243973913,-122.333163903183
"315",1423452222.321,"eu-west-1:84c07429-eaa3-4d2a-ac42-29ee31f48ff4","iPhone","geoLocation",47.6102243973913,-122.333163903183
"316",1423452222.663,"eu-west-1:84c07429-eaa3-4d2a-ac42-29ee31f48ff4","iPhone","geoLocation",47.6102243973913,-122.333163903183
"317",1423452222.997,"eu-west-1:84c07429-eaa3-4d2a-ac42-29ee31f48ff4","iPhone","geoLocation",47.6102243973913,-122.333163903183
"318",1423452223.331,"eu-west-1:84c07429-eaa3-4d2a-ac42-29ee31f48ff4","iPhone","geoLocation",47.6102125807624,-122.33312597528
"319",1423452223.665,"eu-west-1:84c07429-eaa3-4d2a-ac42-29ee31f48ff4","iPhone","geoLocation",47.6102194845221,-122.333132329567
"320",1423452223.998,"eu-west-1:84c07429-eaa3-4d2a-ac42-29ee31f48ff4","iPhone","geoLocation",47.6102213353785,-122.333134098744
"321",1423452224.335,"eu-west-1:84c07429-eaa3-4d2a-ac42-29ee31f48ff4","iPhone","geoLocation",47.6102216753259,-122.333133917659
"322",1423452224.668,"eu-west-1:84c07429-eaa3-4d2a-ac42-29ee31f48ff4","iPhone","geoLocation",47.6102222571073,-122.333134432156
"323",1423452225.003,"eu-west-1:84c07429-eaa3-4d2a-ac42-29ee31f48ff4","iPhone","geoLocation",47.6102222657824,-122.333134431431
"324",1423452225.338,"eu-west-1:84c07429-eaa3-4d2a-ac42-29ee31f48ff4","iPhone","geoLocation",47.6102223149019,-122.33313459574
"325",1423452225.672,"eu-west-1:84c07429-eaa3-4d2a-ac42-29ee31f48ff4","iPhone","geoLocation",47.6102223153717,-122.333134597312
"326",1423452226.006,"eu-west-1:84c07429-eaa3-4d2a-ac42-29ee31f48ff4","iPhone","geoLocation",47.6102223153726,-122.333134597315
"327",1423452226.339,"eu-west-1:84c07429-eaa3-4d2a-ac42-29ee31f48ff4","iPhone","geoLocation",47.6102223153725,-122.333134597314
"328",1423452226.674,"eu-west-1:84c07429-eaa3-4d2a-ac42-29ee31f48ff4","iPhone","geoLocation",47.6102223153726,-122.333134597315
"329",1423452227.008,"eu-west-1:84c07429-eaa3-4d2a-ac42-29ee31f48ff4","iPhone","geoLocation",47.6102223153726,-122.333134597315
"330",1423452227.343,"eu-west-1:84c07429-eaa3-4d2a-ac42-29ee31f48ff4","iPhone","geoLocation",47.6102223153726,-122.333134597315
"331",1423452227.677,"eu-west-1:84c07429-eaa3-4d2a-ac42-29ee31f48ff4","iPhone","geoLocation",47.6102223153726,-122.333134597315
"332",1423452228.011,"eu-west-1:84c07429-eaa3-4d2a-ac42-29ee31f48ff4","iPhone","geoLocation",47.6102223153726,-122.333134597315
"333",1423452228.346,"eu-west-1:84c07429-eaa3-4d2a-ac42-29ee31f48ff4","iPhone","geoLocation",47.6102284012351,-122.333085968138
"334",1423452228.707,"eu-west-1:84c07429-eaa3-4d2a-ac42-29ee31f48ff4","iPhone","geoLocation",47.6102284012351,-122.333085968138
"335",1423452229.042,"eu-west-1:84c07429-eaa3-4d2a-ac42-29ee31f48ff4","iPhone","geoLocation",47.6102284012351,-122.333085968138
"336",1423452229.375,"eu-west-1:84c07429-eaa3-4d2a-ac42-29ee31f48ff4","iPhone","geoLocation",47.6102284012351,-122.333085968138
"337",1423452229.709,"eu-west-1:84c07429-eaa3-4d2a-ac42-29ee31f48ff4","iPhone","geoLocation",47.6102284012351,-122.333085968138
"338",1423452230.043,"eu-west-1:84c07429-eaa3-4d2a-ac42-29ee31f48ff4","iPhone","geoLocation",47.6102284012351,-122.333085968138
"339",1423452230.377,"eu-west-1:84c07429-eaa3-4d2a-ac42-29ee31f48ff4","iPhone","geoLocation",47.6102284012351,-122.333085968138
"340",1423452230.711,"eu-west-1:84c07429-eaa3-4d2a-ac42-29ee31f48ff4","iPhone","geoLocation",47.6102284012351,-122.333085968138
"341",1423452231.046,"eu-west-1:84c07429-eaa3-4d2a-ac42-29ee31f48ff4","iPhone","geoLocation",47.6102284012351,-122.333085968138
"342",1423452231.382,"eu-west-1:84c07429-eaa3-4d2a-ac42-29ee31f48ff4","iPhone","geoLocation",47.6102284012351,-122.333085968138
"343",1423452231.716,"eu-west-1:84c07429-eaa3-4d2a-ac42-29ee31f48ff4","iPhone","geoLocation",47.6102284012351,-122.333085968138
"344",1423452232.052,"eu-west-1:84c07429-eaa3-4d2a-ac42-29ee31f48ff4","iPhone","geoLocation",47.6102284012351,-122.333085968138
"345",1423452232.385,"eu-west-1:84c07429-eaa3-4d2a-ac42-29ee31f48ff4","iPhone","geoLocation",47.6102284012351,-122.333085968138
"346",1423452232.719,"eu-west-1:84c07429-eaa3-4d2a-ac42-29ee31f48ff4","iPhone","geoLocation",47.6102284012351,-122.333085968138
"347",1423452233.053,"eu-west-1:84c07429-eaa3-4d2a-ac42-29ee31f48ff4","iPhone","geoLocation",47.6102284012351,-122.333085968138
"348",1423452233.389,"eu-west-1:84c07429-eaa3-4d2a-ac42-29ee31f48ff4","iPhone","geoLocation",47.6102284012351,-122.333085968138
"349",1423452233.723,"eu-west-1:84c07429-eaa3-4d2a-ac42-29ee31f48ff4","iPhone","geoLocation",47.6102284012351,-122.333085968138
"350",1423452234.057,"eu-west-1:84c07429-eaa3-4d2a-ac42-29ee31f48ff4","iPhone","geoLocation",47.6102284012351,-122.333085968138
"351",1423452234.391,"eu-west-1:84c07429-eaa3-4d2a-ac42-29ee31f48ff4","iPhone","geoLocation",47.6102284012351,-122.333085968138
"352",1423452234.729,"eu-west-1:84c07429-eaa3-4d2a-ac42-29ee31f48ff4","iPhone","geoLocation",47.6102487241798,-122.33323180305
"353",1423452235.064,"eu-west-1:84c07429-eaa3-4d2a-ac42-29ee31f48ff4","iPhone","geoLocation",47.6102230462817,-122.333229423567
"354",1423452235.398,"eu-west-1:84c07429-eaa3-4d2a-ac42-29ee31f48ff4","iPhone","geoLocation",47.6102162756491,-122.33322927016
"355",1423452235.732,"eu-west-1:84c07429-eaa3-4d2a-ac42-29ee31f48ff4","iPhone","geoLocation",47.6102153431919,-122.333229503475
"356",1423452236.065,"eu-west-1:84c07429-eaa3-4d2a-ac42-29ee31f48ff4","iPhone","geoLocation",47.6102152392218,-122.333229797047
"357",1423452236.398,"eu-west-1:84c07429-eaa3-4d2a-ac42-29ee31f48ff4","iPhone","geoLocation",47.6102152107711,-122.333229561056
"358",1423452236.734,"eu-west-1:84c07429-eaa3-4d2a-ac42-29ee31f48ff4","iPhone","geoLocation",47.6102152363721,-122.33322977578
"359",1423452237.067,"eu-west-1:84c07429-eaa3-4d2a-ac42-29ee31f48ff4","iPhone","geoLocation",47.6102151856487,-122.333229350357
"360",1423452237.402,"eu-west-1:84c07429-eaa3-4d2a-ac42-29ee31f48ff4","iPhone","geoLocation",47.610215190772,-122.333229393327
"361",1423452237.738,"eu-west-1:84c07429-eaa3-4d2a-ac42-29ee31f48ff4","iPhone","geoLocation",47.6102152094707,-122.333229550155
"362",1423452238.071,"eu-west-1:84c07429-eaa3-4d2a-ac42-29ee31f48ff4","iPhone","geoLocation",47.6102152315929,-122.333229735697
"363",1423452238.407,"eu-west-1:84c07429-eaa3-4d2a-ac42-29ee31f48ff4","iPhone","geoLocation",47.61021519993,-122.333229470136
"364",1423452238.74,"eu-west-1:84c07429-eaa3-4d2a-ac42-29ee31f48ff4","iPhone","geoLocation",47.6102152509844,-122.333229898336
"365",1423452239.074,"eu-west-1:84c07429-eaa3-4d2a-ac42-29ee31f48ff4","iPhone","geoLocation",47.6102151854786,-122.333229348931
"366",1423452239.408,"eu-west-1:84c07429-eaa3-4d2a-ac42-29ee31f48ff4","iPhone","geoLocation",47.6102151782312,-122.333229288146
"367",1423452239.742,"eu-west-1:84c07429-eaa3-4d2a-ac42-29ee31f48ff4","iPhone","geoLocation",47.6102151782312,-122.333229288146
"368",1423452240.075,"eu-west-1:84c07429-eaa3-4d2a-ac42-29ee31f48ff4","iPhone","geoLocation",47.6102151782312,-122.333229288146
"369",1423452240.411,"eu-west-1:84c07429-eaa3-4d2a-ac42-29ee31f48ff4","iPhone","geoLocation",47.6102151782312,-122.333229288146
"370",1423452240.748,"eu-west-1:84c07429-eaa3-4d2a-ac42-29ee31f48ff4","iPhone","geoLocation",47.6102151782312,-122.333229288146
"371",1423452241.083,"eu-west-1:84c07429-eaa3-4d2a-ac42-29ee31f48ff4","iPhone","geoLocation",47.6102151782312,-122.333229288146
"372",1423452241.417,"eu-west-1:84c07429-eaa3-4d2a-ac42-29ee31f48ff4","iPhone","geoLocation",47.6102151782312,-122.333229288146
"373",1423452241.752,"eu-west-1:84c07429-eaa3-4d2a-ac42-29ee31f48ff4","iPhone","geoLocation",47.6102151782312,-122.333229288146
"374",1423452242.087,"eu-west-1:84c07429-eaa3-4d2a-ac42-29ee31f48ff4","iPhone","geoLocation",47.6102151782312,-122.333229288146
"375",1423452242.42,"eu-west-1:84c07429-eaa3-4d2a-ac42-29ee31f48ff4","iPhone","geoLocation",47.6102151782312,-122.333229288146
"376",1423452242.754,"eu-west-1:84c07429-eaa3-4d2a-ac42-29ee31f48ff4","iPhone","geoLocation",47.6102151782312,-122.333229288146
"377",1423452243.089,"eu-west-1:84c07429-eaa3-4d2a-ac42-29ee31f48ff4","iPhone","geoLocation",47.6102151782312,-122.333229288146
"378",1423452243.423,"eu-west-1:84c07429-eaa3-4d2a-ac42-29ee31f48ff4","iPhone","geoLocation",47.6102151782312,-122.333229288146
"379",1423452243.771,"eu-west-1:84c07429-eaa3-4d2a-ac42-29ee31f48ff4","iPhone","geoLocation",47.6102151782312,-122.333229288146
"380",1423452244.108,"eu-west-1:84c07429-eaa3-4d2a-ac42-29ee31f48ff4","iPhone","geoLocation",47.6102151782312,-122.333229288146
"381",1423452244.442,"eu-west-1:84c07429-eaa3-4d2a-ac42-29ee31f48ff4","iPhone","geoLocation",47.6102151782312,-122.333229288146
"382",1423452244.775,"eu-west-1:84c07429-eaa3-4d2a-ac42-29ee31f48ff4","iPhone","geoLocation",47.6102151782312,-122.333229288146
"383",1423452245.11,"eu-west-1:84c07429-eaa3-4d2a-ac42-29ee31f48ff4","iPhone","geoLocation",47.6102151782312,-122.333229288146
"384",1423452245.444,"eu-west-1:84c07429-eaa3-4d2a-ac42-29ee31f48ff4","iPhone","geoLocation",47.6102151782312,-122.333229288146
"385",1423452245.78,"eu-west-1:84c07429-eaa3-4d2a-ac42-29ee31f48ff4","iPhone","geoLocation",47.6102238082202,-122.333026009152
"386",1423452246.118,"eu-west-1:84c07429-eaa3-4d2a-ac42-29ee31f48ff4","iPhone","geoLocation",47.6102233071096,-122.332991427445
"387",1423452246.453,"eu-west-1:84c07429-eaa3-4d2a-ac42-29ee31f48ff4","iPhone","geoLocation",47.6102120265567,-122.333128910865
"388",1423452246.79,"eu-west-1:84c07429-eaa3-4d2a-ac42-29ee31f48ff4","iPhone","geoLocation",47.6102116216309,-122.33313692275
"389",1423452247.123,"eu-west-1:84c07429-eaa3-4d2a-ac42-29ee31f48ff4","iPhone","geoLocation",47.6102116574153,-122.333141699276
"390",1423452247.457,"eu-west-1:84c07429-eaa3-4d2a-ac42-29ee31f48ff4","iPhone","geoLocation",47.6102116690944,-122.333142343727
"391",1423452247.791,"eu-west-1:84c07429-eaa3-4d2a-ac42-29ee31f48ff4","iPhone","geoLocation",47.6102117081984,-122.33314124739
"392",1423452248.124,"eu-west-1:84c07429-eaa3-4d2a-ac42-29ee31f48ff4","iPhone","geoLocation",47.6102116804423,-122.333142028238
"393",1423452248.459,"eu-west-1:84c07429-eaa3-4d2a-ac42-29ee31f48ff4","iPhone","geoLocation",47.6102116702573,-122.333142314748
"394",1423452248.793,"eu-west-1:84c07429-eaa3-4d2a-ac42-29ee31f48ff4","iPhone","geoLocation",47.6102116982995,-122.333141525908
"395",1423452249.128,"eu-west-1:84c07429-eaa3-4d2a-ac42-29ee31f48ff4","iPhone","geoLocation",47.6102116495636,-122.333142896872
"396",1423452249.463,"eu-west-1:84c07429-eaa3-4d2a-ac42-29ee31f48ff4","iPhone","geoLocation",47.6102116488057,-122.333142918191
"397",1423452249.804,"eu-west-1:84c07429-eaa3-4d2a-ac42-29ee31f48ff4","iPhone","geoLocation",47.6102116488028,-122.333142918272
"398",1423452250.137,"eu-west-1:84c07429-eaa3-4d2a-ac42-29ee31f48ff4","iPhone","geoLocation",47.6102116488028,-122.333142918273
"399",1423452250.472,"eu-west-1:84c07429-eaa3-4d2a-ac42-29ee31f48ff4","iPhone","geoLocation",47.6102116488028,-122.333142918273
"400",1423452250.806,"eu-west-1:84c07429-eaa3-4d2a-ac42-29ee31f48ff4","iPhone","geoLocation",47.6102116488028,-122.333142918273
"401",1423452251.141,"eu-west-1:84c07429-eaa3-4d2a-ac42-29ee31f48ff4","iPhone","geoLocation",47.6102116488028,-122.333142918273
"402",1423452252.134,"eu-west-1:84c07429-eaa3-4d2a-ac42-29ee31f48ff4","iPhone","geoLocation",47.610229815151,-122.33330619694
