"","recordTime","cognitoId","device","sensorname","alpha","beta","gamma"
"1",1423452116.988,"eu-west-1:84c07429-eaa3-4d2a-ac42-29ee31f48ff4","iPhone","screenAdjustedEvent",136.1925565831,99.2357807167155,-10.8880689457206
"2",1423452117.322,"eu-west-1:84c07429-eaa3-4d2a-ac42-29ee31f48ff4","iPhone","screenAdjustedEvent",194.13178781182,95.2459811835646,-68.312420925468
"3",1423452117.664,"eu-west-1:84c07429-eaa3-4d2a-ac42-29ee31f48ff4","iPhone","screenAdjustedEvent",199.062224094198,96.6152979751218,-73.6798499754489
"4",1423452118,"eu-west-1:84c07429-eaa3-4d2a-ac42-29ee31f48ff4","iPhone","screenAdjustedEvent",114.068423472912,57.3261537780131,9.05632805257379
"5",1423452118.335,"eu-west-1:84c07429-eaa3-4d2a-ac42-29ee31f48ff4","iPhone","screenAdjustedEvent",117.365658543359,41.1884571496025,4.24910863656153
"6",1423452118.671,"eu-west-1:84c07429-eaa3-4d2a-ac42-29ee31f48ff4","iPhone","screenAdjustedEvent",116.90606247932,51.6332125416345,6.6839471880731
"7",1423452119.004,"eu-west-1:84c07429-eaa3-4d2a-ac42-29ee31f48ff4","iPhone","screenAdjustedEvent",115.394853373231,38.290589284058,17.6073717344246
"8",1423452119.342,"eu-west-1:84c07429-eaa3-4d2a-ac42-29ee31f48ff4","iPhone","screenAdjustedEvent",114.528166026508,43.5690716897199,15.2137975973389
"9",1423452119.676,"eu-west-1:84c07429-eaa3-4d2a-ac42-29ee31f48ff4","iPhone","screenAdjustedEvent",106.037823296171,42.0134536519579,15.9478489269602
"10",1423452120.041,"eu-west-1:84c07429-eaa3-4d2a-ac42-29ee31f48ff4","iPhone","screenAdjustedEvent",94.4998417862167,48.4265484100163,13.9106479239123
"11",1423452120.376,"eu-west-1:84c07429-eaa3-4d2a-ac42-29ee31f48ff4","iPhone","screenAdjustedEvent",82.2709761297682,43.1409404048709,23.084060645637
"12",1423452120.71,"eu-west-1:84c07429-eaa3-4d2a-ac42-29ee31f48ff4","iPhone","screenAdjustedEvent",76.9844311864911,52.4788537501304,18.134580679988
"13",1423452121.043,"eu-west-1:84c07429-eaa3-4d2a-ac42-29ee31f48ff4","iPhone","screenAdjustedEvent",69.985152976203,53.2730582315405,19.0976374695101
"14",1423452121.379,"eu-west-1:84c07429-eaa3-4d2a-ac42-29ee31f48ff4","iPhone","screenAdjustedEvent",60.9690988563732,50.1317659016604,26.5225177658791
"15",1423452121.715,"eu-west-1:84c07429-eaa3-4d2a-ac42-29ee31f48ff4","iPhone","screenAdjustedEvent",50.4417830229538,52.2043724436188,35.7595558452101
"16",1423452122.049,"eu-west-1:84c07429-eaa3-4d2a-ac42-29ee31f48ff4","iPhone","screenAdjustedEvent",47.8500560381083,58.7762951835803,43.3665897918952
"17",1423452122.383,"eu-west-1:84c07429-eaa3-4d2a-ac42-29ee31f48ff4","iPhone","screenAdjustedEvent",45.0857490825939,66.5893258022387,49.5371813443235
"18",1423452122.717,"eu-west-1:84c07429-eaa3-4d2a-ac42-29ee31f48ff4","iPhone","screenAdjustedEvent",60.8428382616959,64.4498301857902,29.8149736214751
"19",1423452123.051,"eu-west-1:84c07429-eaa3-4d2a-ac42-29ee31f48ff4","iPhone","screenAdjustedEvent",67.1546760311779,58.9257164500518,13.7702048044116
"20",1423452123.388,"eu-west-1:84c07429-eaa3-4d2a-ac42-29ee31f48ff4","iPhone","screenAdjustedEvent",66.6226758706144,57.9621254743442,0.773443829307552
"21",1423452123.722,"eu-west-1:84c07429-eaa3-4d2a-ac42-29ee31f48ff4","iPhone","screenAdjustedEvent",63.7750251820248,54.5544946748015,2.06554546202036
"22",1423452124.056,"eu-west-1:84c07429-eaa3-4d2a-ac42-29ee31f48ff4","iPhone","screenAdjustedEvent",58.8722345539054,52.0621053885578,5.25860239896432
"23",1423452124.392,"eu-west-1:84c07429-eaa3-4d2a-ac42-29ee31f48ff4","iPhone","screenAdjustedEvent",39.414456663223,49.6580663401126,20.6494973319974
"24",1423452124.726,"eu-west-1:84c07429-eaa3-4d2a-ac42-29ee31f48ff4","iPhone","screenAdjustedEvent",34.428554221329,47.5071576736889,19.8717092506562
"25",1423452125.062,"eu-west-1:84c07429-eaa3-4d2a-ac42-29ee31f48ff4","iPhone","screenAdjustedEvent",17.6838845500427,47.0130810221802,28.4915221933631
"26",1423452125.397,"eu-west-1:84c07429-eaa3-4d2a-ac42-29ee31f48ff4","iPhone","screenAdjustedEvent",10.1115908333054,34.2113547850817,25.0951831289939
"27",1423452125.732,"eu-west-1:84c07429-eaa3-4d2a-ac42-29ee31f48ff4","iPhone","screenAdjustedEvent",2.38468054523285,28.6018468554114,22.1417984878864
"28",1423452126.068,"eu-west-1:84c07429-eaa3-4d2a-ac42-29ee31f48ff4","iPhone","screenAdjustedEvent",358.837272599376,18.5786023238514,28.2516487054489
"29",1423452126.401,"eu-west-1:84c07429-eaa3-4d2a-ac42-29ee31f48ff4","iPhone","screenAdjustedEvent",356.637031405886,14.742845784626,29.7796262770847
"30",1423452126.776,"eu-west-1:84c07429-eaa3-4d2a-ac42-29ee31f48ff4","iPhone","screenAdjustedEvent",350.815069088726,11.6147554082582,20.5155307507305
"31",1423452127.112,"eu-west-1:84c07429-eaa3-4d2a-ac42-29ee31f48ff4","iPhone","screenAdjustedEvent",344.673882055237,-4.84645353889742,26.7751588851405
"32",1423452127.447,"eu-west-1:84c07429-eaa3-4d2a-ac42-29ee31f48ff4","iPhone","screenAdjustedEvent",336.552417185572,4.66793853871733,12.3891756810533
"33",1423452127.782,"eu-west-1:84c07429-eaa3-4d2a-ac42-29ee31f48ff4","iPhone","screenAdjustedEvent",336.984438796427,17.6368440454222,7.52472298760744
"34",1423452128.115,"eu-west-1:84c07429-eaa3-4d2a-ac42-29ee31f48ff4","iPhone","screenAdjustedEvent",344.157606604496,8.73354476883472,17.0078579211835
"35",1423452128.45,"eu-west-1:84c07429-eaa3-4d2a-ac42-29ee31f48ff4","iPhone","screenAdjustedEvent",351.194149785296,-5.63217303680585,31.1978730367122
"36",1423452128.784,"eu-west-1:84c07429-eaa3-4d2a-ac42-29ee31f48ff4","iPhone","screenAdjustedEvent",349.877279868868,13.0916903103567,8.32503208046085
"37",1423452129.117,"eu-west-1:84c07429-eaa3-4d2a-ac42-29ee31f48ff4","iPhone","screenAdjustedEvent",355.222421205442,24.5489221185915,-14.0106066176316
"38",1423452129.452,"eu-west-1:84c07429-eaa3-4d2a-ac42-29ee31f48ff4","iPhone","screenAdjustedEvent",355.13139550972,31.3015733259716,-17.5031861050435
"39",1423452129.788,"eu-west-1:84c07429-eaa3-4d2a-ac42-29ee31f48ff4","iPhone","screenAdjustedEvent",354.07846395409,22.2060437962878,5.8068210596051
"40",1423452130.122,"eu-west-1:84c07429-eaa3-4d2a-ac42-29ee31f48ff4","iPhone","screenAdjustedEvent",356.22059194204,13.1215818207736,19.6148646917697
"41",1423452130.457,"eu-west-1:84c07429-eaa3-4d2a-ac42-29ee31f48ff4","iPhone","screenAdjustedEvent",348.286181560169,19.6290565527769,22.8060336415629
"42",1423452130.792,"eu-west-1:84c07429-eaa3-4d2a-ac42-29ee31f48ff4","iPhone","screenAdjustedEvent",345.53421214908,29.2916508649547,11.4958460956187
"43",1423452131.126,"eu-west-1:84c07429-eaa3-4d2a-ac42-29ee31f48ff4","iPhone","screenAdjustedEvent",339.950677501756,23.3412192103089,5.33937565354875
"44",1423452131.46,"eu-west-1:84c07429-eaa3-4d2a-ac42-29ee31f48ff4","iPhone","screenAdjustedEvent",328.860424212212,19.4046506081932,5.9095863069009
"45",1423452131.795,"eu-west-1:84c07429-eaa3-4d2a-ac42-29ee31f48ff4","iPhone","screenAdjustedEvent",321.113680547429,21.5486321411568,5.1796348641033
"46",1423452132.128,"eu-west-1:84c07429-eaa3-4d2a-ac42-29ee31f48ff4","iPhone","screenAdjustedEvent",316.704746493034,24.9368871805439,5.07242271996429
"47",1423452132.462,"eu-west-1:84c07429-eaa3-4d2a-ac42-29ee31f48ff4","iPhone","screenAdjustedEvent",311.866546160785,19.9368224851644,8.57879678696528
"48",1423452132.796,"eu-west-1:84c07429-eaa3-4d2a-ac42-29ee31f48ff4","iPhone","screenAdjustedEvent",308.9943171276,20.051310343445,10.5534014505432
"49",1423452133.13,"eu-west-1:84c07429-eaa3-4d2a-ac42-29ee31f48ff4","iPhone","screenAdjustedEvent",309.373499172076,19.1761263265982,7.99952265786825
"50",1423452133.466,"eu-west-1:84c07429-eaa3-4d2a-ac42-29ee31f48ff4","iPhone","screenAdjustedEvent",304.33740203359,18.9082339845491,9.64468745360808
"51",1423452133.8,"eu-west-1:84c07429-eaa3-4d2a-ac42-29ee31f48ff4","iPhone","screenAdjustedEvent",308.735331111417,20.6807185513887,7.30819007417254
"52",1423452134.138,"eu-west-1:84c07429-eaa3-4d2a-ac42-29ee31f48ff4","iPhone","screenAdjustedEvent",301.055561302281,17.3279521253357,11.6450713491631
"53",1423452134.471,"eu-west-1:84c07429-eaa3-4d2a-ac42-29ee31f48ff4","iPhone","screenAdjustedEvent",297.20722262211,18.5299059724038,8.24872973420546
"54",1423452134.807,"eu-west-1:84c07429-eaa3-4d2a-ac42-29ee31f48ff4","iPhone","screenAdjustedEvent",302.79015923106,29.036791523473,1.04654531094596
"55",1423452135.142,"eu-west-1:84c07429-eaa3-4d2a-ac42-29ee31f48ff4","iPhone","screenAdjustedEvent",315.495602680377,41.7639284366724,2.03432673469114
"56",1423452135.476,"eu-west-1:84c07429-eaa3-4d2a-ac42-29ee31f48ff4","iPhone","screenAdjustedEvent",333.849364007346,37.8539934661205,1.18397267090991
"57",1423452135.811,"eu-west-1:84c07429-eaa3-4d2a-ac42-29ee31f48ff4","iPhone","screenAdjustedEvent",350.978261199689,5.26680795903741,12.8367747736081
"58",1423452136.148,"eu-west-1:84c07429-eaa3-4d2a-ac42-29ee31f48ff4","iPhone","screenAdjustedEvent",357.014668961826,10.2573972493607,8.05558498562618
"59",1423452136.482,"eu-west-1:84c07429-eaa3-4d2a-ac42-29ee31f48ff4","iPhone","screenAdjustedEvent",10.5332116869347,35.3614965119443,1.00858090467875
"60",1423452136.815,"eu-west-1:84c07429-eaa3-4d2a-ac42-29ee31f48ff4","iPhone","screenAdjustedEvent",36.9452459474257,45.3029699513988,-0.0556584755718204
"61",1423452137.149,"eu-west-1:84c07429-eaa3-4d2a-ac42-29ee31f48ff4","iPhone","screenAdjustedEvent",67.8130026667835,17.7268401570886,6.01622579535643
"62",1423452137.483,"eu-west-1:84c07429-eaa3-4d2a-ac42-29ee31f48ff4","iPhone","screenAdjustedEvent",93.3384328023036,13.2603223262507,18.622802589819
"63",1423452137.816,"eu-west-1:84c07429-eaa3-4d2a-ac42-29ee31f48ff4","iPhone","screenAdjustedEvent",103.701572825897,13.463896069874,33.5025011668185
"64",1423452138.171,"eu-west-1:84c07429-eaa3-4d2a-ac42-29ee31f48ff4","iPhone","screenAdjustedEvent",105.337568438435,26.5196367095413,-9.52655011817359
"65",1423452138.506,"eu-west-1:84c07429-eaa3-4d2a-ac42-29ee31f48ff4","iPhone","screenAdjustedEvent",117.235224166491,32.3236072570045,-41.83416604413
"66",1423452138.84,"eu-west-1:84c07429-eaa3-4d2a-ac42-29ee31f48ff4","iPhone","screenAdjustedEvent",120.648683793668,17.8570798746749,-15.4468825816595
"67",1423452139.174,"eu-west-1:84c07429-eaa3-4d2a-ac42-29ee31f48ff4","iPhone","screenAdjustedEvent",127.455689134021,16.1513271643347,4.36210977716964
"68",1423452139.508,"eu-west-1:84c07429-eaa3-4d2a-ac42-29ee31f48ff4","iPhone","screenAdjustedEvent",122.725066046158,25.2105887378391,-1.03663850983883
"69",1423452139.842,"eu-west-1:84c07429-eaa3-4d2a-ac42-29ee31f48ff4","iPhone","screenAdjustedEvent",113.819225002178,23.814583345495,-1.88856413456836
"70",1423452140.178,"eu-west-1:84c07429-eaa3-4d2a-ac42-29ee31f48ff4","iPhone","screenAdjustedEvent",114.746454939189,25.1516790489142,0.815375806631166
"71",1423452140.512,"eu-west-1:84c07429-eaa3-4d2a-ac42-29ee31f48ff4","iPhone","screenAdjustedEvent",120.108026063292,25.4769835712099,-4.92687653098787
"72",1423452140.847,"eu-west-1:84c07429-eaa3-4d2a-ac42-29ee31f48ff4","iPhone","screenAdjustedEvent",125.539261999449,18.6472630354281,-6.54255051745117
"73",1423452141.181,"eu-west-1:84c07429-eaa3-4d2a-ac42-29ee31f48ff4","iPhone","screenAdjustedEvent",164.957494739354,7.83915624932657,-9.4457987847971
"74",1423452141.517,"eu-west-1:84c07429-eaa3-4d2a-ac42-29ee31f48ff4","iPhone","screenAdjustedEvent",186.174958817116,4.02250878029693,-10.4173736171978
"75",1423452141.852,"eu-west-1:84c07429-eaa3-4d2a-ac42-29ee31f48ff4","iPhone","screenAdjustedEvent",205.669195842478,4.21374846767908,-20.5345179884186
"76",1423452142.186,"eu-west-1:84c07429-eaa3-4d2a-ac42-29ee31f48ff4","iPhone","screenAdjustedEvent",217.017268245001,6.66993389000086,-24.4774984303889
"77",1423452142.521,"eu-west-1:84c07429-eaa3-4d2a-ac42-29ee31f48ff4","iPhone","screenAdjustedEvent",221.564579274648,3.22270373789616,-30.5349928560669
"78",1423452142.855,"eu-west-1:84c07429-eaa3-4d2a-ac42-29ee31f48ff4","iPhone","screenAdjustedEvent",215.811810982636,-0.456837827607223,-28.2962169496356
"79",1423452143.192,"eu-west-1:84c07429-eaa3-4d2a-ac42-29ee31f48ff4","iPhone","screenAdjustedEvent",211.631679293646,2.1399772130889,-25.7615598290445
"80",1423452143.526,"eu-west-1:84c07429-eaa3-4d2a-ac42-29ee31f48ff4","iPhone","screenAdjustedEvent",212.727017686191,4.0559736018132,-17.1022163551806
"81",1423452143.859,"eu-west-1:84c07429-eaa3-4d2a-ac42-29ee31f48ff4","iPhone","screenAdjustedEvent",221.401102549525,9.64212159079191,-19.9002209644862
"82",1423452144.235,"eu-west-1:84c07429-eaa3-4d2a-ac42-29ee31f48ff4","iPhone","screenAdjustedEvent",227.353312319577,11.599898144596,-20.7958603450345
"83",1423452144.576,"eu-west-1:84c07429-eaa3-4d2a-ac42-29ee31f48ff4","iPhone","screenAdjustedEvent",225.400109623113,7.40473162506259,-18.2970731864735
"84",1423452144.912,"eu-west-1:84c07429-eaa3-4d2a-ac42-29ee31f48ff4","iPhone","screenAdjustedEvent",214.529990199788,4.72977859694652,-18.2285890514817
"85",1423452145.245,"eu-west-1:84c07429-eaa3-4d2a-ac42-29ee31f48ff4","iPhone","screenAdjustedEvent",211.119393940104,5.83082121607648,-20.1704549433901
"86",1423452145.579,"eu-west-1:84c07429-eaa3-4d2a-ac42-29ee31f48ff4","iPhone","screenAdjustedEvent",215.745832208974,6.91469312856297,-19.8345180281484
"87",1423452145.921,"eu-west-1:84c07429-eaa3-4d2a-ac42-29ee31f48ff4","iPhone","screenAdjustedEvent",217.698899422461,6.30427338341752,-23.4437213761798
"88",1423452146.256,"eu-west-1:84c07429-eaa3-4d2a-ac42-29ee31f48ff4","iPhone","screenAdjustedEvent",215.804479462225,7.0247166252939,-22.2217720105616
"89",1423452146.593,"eu-west-1:84c07429-eaa3-4d2a-ac42-29ee31f48ff4","iPhone","screenAdjustedEvent",208.596871016713,-0.902359613130299,-24.3114345851582
"90",1423452146.928,"eu-west-1:84c07429-eaa3-4d2a-ac42-29ee31f48ff4","iPhone","screenAdjustedEvent",199.615713033251,-15.9264563582935,-26.1431547287245
"91",1423452147.262,"eu-west-1:84c07429-eaa3-4d2a-ac42-29ee31f48ff4","iPhone","screenAdjustedEvent",204.344636667889,2.73628403193892,-22.8124103623717
"92",1423452147.596,"eu-west-1:84c07429-eaa3-4d2a-ac42-29ee31f48ff4","iPhone","screenAdjustedEvent",213.624517411989,24.0256695758294,-24.1756458809371
"93",1423452147.93,"eu-west-1:84c07429-eaa3-4d2a-ac42-29ee31f48ff4","iPhone","screenAdjustedEvent",211.288418053985,26.5211538500271,-31.3429665079256
"94",1423452148.268,"eu-west-1:84c07429-eaa3-4d2a-ac42-29ee31f48ff4","iPhone","screenAdjustedEvent",205.80896513068,2.8601676892329,-50.6697220870086
"95",1423452148.602,"eu-west-1:84c07429-eaa3-4d2a-ac42-29ee31f48ff4","iPhone","screenAdjustedEvent",202.949443148002,-3.36438289265227,-49.7943047561426
"96",1423452148.936,"eu-west-1:84c07429-eaa3-4d2a-ac42-29ee31f48ff4","iPhone","screenAdjustedEvent",198.920975688527,-1.76797224644571,-6.86252410648365
"97",1423452149.275,"eu-west-1:84c07429-eaa3-4d2a-ac42-29ee31f48ff4","iPhone","screenAdjustedEvent",197.626088634421,1.68019616056664,11.878623763833
"98",1423452149.609,"eu-west-1:84c07429-eaa3-4d2a-ac42-29ee31f48ff4","iPhone","screenAdjustedEvent",198.381714179888,2.67507706467937,5.5222924059548
"99",1423452149.942,"eu-west-1:84c07429-eaa3-4d2a-ac42-29ee31f48ff4","iPhone","screenAdjustedEvent",202.446793949331,5.84333754686692,-11.1466030094877
"100",1423452150.278,"eu-west-1:84c07429-eaa3-4d2a-ac42-29ee31f48ff4","iPhone","screenAdjustedEvent",212.915004876421,4.55302997399447,-6.33062222335297
"101",1423452150.615,"eu-west-1:84c07429-eaa3-4d2a-ac42-29ee31f48ff4","iPhone","screenAdjustedEvent",217.999676031008,4.45713836540303,9.62599716101917
"102",1423452150.95,"eu-west-1:84c07429-eaa3-4d2a-ac42-29ee31f48ff4","iPhone","screenAdjustedEvent",218.459943999073,3.8262688598451,-9.82482791268059
"103",1423452151.283,"eu-west-1:84c07429-eaa3-4d2a-ac42-29ee31f48ff4","iPhone","screenAdjustedEvent",212.298533811166,0.855663477044693,-20.9125068505568
"104",1423452151.619,"eu-west-1:84c07429-eaa3-4d2a-ac42-29ee31f48ff4","iPhone","screenAdjustedEvent",214.534177413399,1.27274425468544,2.20807486888227
"105",1423452151.953,"eu-west-1:84c07429-eaa3-4d2a-ac42-29ee31f48ff4","iPhone","screenAdjustedEvent",220.796455550727,10.9978648319414,-11.9030046551635
"106",1423452152.287,"eu-west-1:84c07429-eaa3-4d2a-ac42-29ee31f48ff4","iPhone","screenAdjustedEvent",231.299723974301,31.8838301290587,-12.7600079883876
"107",1423452152.621,"eu-west-1:84c07429-eaa3-4d2a-ac42-29ee31f48ff4","iPhone","screenAdjustedEvent",239.919850016227,44.4970404549336,-10.3892231032744
"108",1423452152.954,"eu-west-1:84c07429-eaa3-4d2a-ac42-29ee31f48ff4","iPhone","screenAdjustedEvent",245.924448544658,44.4463306611532,-10.3983381091238
"109",1423452153.288,"eu-west-1:84c07429-eaa3-4d2a-ac42-29ee31f48ff4","iPhone","screenAdjustedEvent",251.738324366432,3.32846443314655,-18.0807753133339
"110",1423452153.621,"eu-west-1:84c07429-eaa3-4d2a-ac42-29ee31f48ff4","iPhone","screenAdjustedEvent",262.41523264837,-9.58133419100356,-21.7360054808518
"111",1423452153.955,"eu-west-1:84c07429-eaa3-4d2a-ac42-29ee31f48ff4","iPhone","screenAdjustedEvent",265.900971668083,4.80259817885991,-22.9018087233712
"112",1423452154.289,"eu-west-1:84c07429-eaa3-4d2a-ac42-29ee31f48ff4","iPhone","screenAdjustedEvent",270.660866225918,3.54592000544406,-46.2165178679674
"113",1423452154.626,"eu-west-1:84c07429-eaa3-4d2a-ac42-29ee31f48ff4","iPhone","screenAdjustedEvent",279.187121014854,3.76253453634452,-56.9568975674257
"114",1423452154.961,"eu-west-1:84c07429-eaa3-4d2a-ac42-29ee31f48ff4","iPhone","screenAdjustedEvent",287.369617631758,3.48455396889026,-57.8035627174974
"115",1423452155.295,"eu-west-1:84c07429-eaa3-4d2a-ac42-29ee31f48ff4","iPhone","screenAdjustedEvent",299.685831770662,1.72138209714174,-59.6769631673747
"116",1423452155.628,"eu-west-1:84c07429-eaa3-4d2a-ac42-29ee31f48ff4","iPhone","screenAdjustedEvent",323.538807736828,-1.92787281165353,-70.2520161165989
"117",1423452155.967,"eu-west-1:84c07429-eaa3-4d2a-ac42-29ee31f48ff4","iPhone","screenAdjustedEvent",338.768061313472,-2.91625139234414,-57.1428662590198
"118",1423452156.301,"eu-west-1:84c07429-eaa3-4d2a-ac42-29ee31f48ff4","iPhone","screenAdjustedEvent",344.297528610502,-3.16122095727211,-60.0816212244723
"119",1423452156.639,"eu-west-1:84c07429-eaa3-4d2a-ac42-29ee31f48ff4","iPhone","screenAdjustedEvent",342.074067942748,14.4294395619925,-55.1696217193611
"120",1423452156.973,"eu-west-1:84c07429-eaa3-4d2a-ac42-29ee31f48ff4","iPhone","screenAdjustedEvent",314.919038631502,40.6546190760556,-24.2787372215712
"121",1423452157.308,"eu-west-1:84c07429-eaa3-4d2a-ac42-29ee31f48ff4","iPhone","screenAdjustedEvent",285.062227973071,38.2233869645856,-3.86440630635469
"122",1423452157.642,"eu-west-1:84c07429-eaa3-4d2a-ac42-29ee31f48ff4","iPhone","screenAdjustedEvent",278.806333571161,33.888314905456,5.93822371342956
"123",1423452157.975,"eu-west-1:84c07429-eaa3-4d2a-ac42-29ee31f48ff4","iPhone","screenAdjustedEvent",279.138521487012,28.8302191490804,9.48051209796316
"124",1423452158.311,"eu-west-1:84c07429-eaa3-4d2a-ac42-29ee31f48ff4","iPhone","screenAdjustedEvent",280.1552653473,29.2279064818453,6.41696701946707
"125",1423452158.645,"eu-west-1:84c07429-eaa3-4d2a-ac42-29ee31f48ff4","iPhone","screenAdjustedEvent",274.925165790894,30.2767174943787,5.21218649541312
"126",1423452158.979,"eu-west-1:84c07429-eaa3-4d2a-ac42-29ee31f48ff4","iPhone","screenAdjustedEvent",255.989101635717,31.7622392160945,4.78169026149984
"127",1423452159.327,"eu-west-1:84c07429-eaa3-4d2a-ac42-29ee31f48ff4","iPhone","screenAdjustedEvent",221.672590058853,31.1511634864158,2.40693996976283
"128",1423452159.666,"eu-west-1:84c07429-eaa3-4d2a-ac42-29ee31f48ff4","iPhone","screenAdjustedEvent",197.314968571485,30.6543327714444,4.22627517748699
"129",1423452160,"eu-west-1:84c07429-eaa3-4d2a-ac42-29ee31f48ff4","iPhone","screenAdjustedEvent",187.818688425472,31.3106786111019,4.59252587949514
"130",1423452160.333,"eu-west-1:84c07429-eaa3-4d2a-ac42-29ee31f48ff4","iPhone","screenAdjustedEvent",176.847089102065,29.0807303105285,4.93123341592823
"131",1423452160.667,"eu-west-1:84c07429-eaa3-4d2a-ac42-29ee31f48ff4","iPhone","screenAdjustedEvent",171.184050088193,27.007510046001,6.14785191552622
"132",1423452161.001,"eu-west-1:84c07429-eaa3-4d2a-ac42-29ee31f48ff4","iPhone","screenAdjustedEvent",168.876176783307,28.8141906707865,5.60371727603003
"133",1423452161.336,"eu-west-1:84c07429-eaa3-4d2a-ac42-29ee31f48ff4","iPhone","screenAdjustedEvent",165.89286587835,19.1324216943758,7.81004649579012
"134",1423452161.67,"eu-west-1:84c07429-eaa3-4d2a-ac42-29ee31f48ff4","iPhone","screenAdjustedEvent",164.287221675742,5.57128525013234,10.2760895373414
"135",1423452162.003,"eu-west-1:84c07429-eaa3-4d2a-ac42-29ee31f48ff4","iPhone","screenAdjustedEvent",161.945408946772,1.35560269742718,10.2967907312734
"136",1423452162.339,"eu-west-1:84c07429-eaa3-4d2a-ac42-29ee31f48ff4","iPhone","screenAdjustedEvent",152.471812462717,6.02789096207242,7.90055938977671
"137",1423452162.681,"eu-west-1:84c07429-eaa3-4d2a-ac42-29ee31f48ff4","iPhone","screenAdjustedEvent",137.83914985377,22.0518897393415,4.57959892264456
"138",1423452163.017,"eu-west-1:84c07429-eaa3-4d2a-ac42-29ee31f48ff4","iPhone","screenAdjustedEvent",127.079238937986,44.5537415651162,-2.6484608440421
"139",1423452163.352,"eu-west-1:84c07429-eaa3-4d2a-ac42-29ee31f48ff4","iPhone","screenAdjustedEvent",127.021534884199,51.7321154750229,-6.5012876398933
"140",1423452163.686,"eu-west-1:84c07429-eaa3-4d2a-ac42-29ee31f48ff4","iPhone","screenAdjustedEvent",120.514421853795,36.01800104319,-1.42341324786668
"141",1423452164.02,"eu-west-1:84c07429-eaa3-4d2a-ac42-29ee31f48ff4","iPhone","screenAdjustedEvent",119.316184244709,14.3049823885689,3.62292332101587
"142",1423452164.355,"eu-west-1:84c07429-eaa3-4d2a-ac42-29ee31f48ff4","iPhone","screenAdjustedEvent",117.385906867698,11.6961253303855,3.77599341919878
"143",1423452164.691,"eu-west-1:84c07429-eaa3-4d2a-ac42-29ee31f48ff4","iPhone","screenAdjustedEvent",115.180819255006,35.0212701225535,-2.94110755618422
"144",1423452165.025,"eu-west-1:84c07429-eaa3-4d2a-ac42-29ee31f48ff4","iPhone","screenAdjustedEvent",114.191849539343,38.9761242393438,-20.3009772684665
"145",1423452165.359,"eu-west-1:84c07429-eaa3-4d2a-ac42-29ee31f48ff4","iPhone","screenAdjustedEvent",113.786971783181,40.7424929849354,-28.5411428239728
"146",1423452165.694,"eu-west-1:84c07429-eaa3-4d2a-ac42-29ee31f48ff4","iPhone","screenAdjustedEvent",113.776670101507,37.044632134126,-14.5575050360721
"147",1423452166.029,"eu-west-1:84c07429-eaa3-4d2a-ac42-29ee31f48ff4","iPhone","screenAdjustedEvent",116.461280598384,36.1324989070082,2.65531799074133
"148",1423452166.364,"eu-west-1:84c07429-eaa3-4d2a-ac42-29ee31f48ff4","iPhone","screenAdjustedEvent",117.919145370791,37.0717766212942,13.2019544339874
"149",1423452166.699,"eu-west-1:84c07429-eaa3-4d2a-ac42-29ee31f48ff4","iPhone","screenAdjustedEvent",116.513152925599,37.4053408794455,15.4819987612438
"150",1423452167.033,"eu-west-1:84c07429-eaa3-4d2a-ac42-29ee31f48ff4","iPhone","screenAdjustedEvent",111.822318932248,37.6526090528092,-3.80854583416548
"151",1423452167.369,"eu-west-1:84c07429-eaa3-4d2a-ac42-29ee31f48ff4","iPhone","screenAdjustedEvent",112.495141150296,24.7224465049613,0.628896871890139
"152",1423452167.703,"eu-west-1:84c07429-eaa3-4d2a-ac42-29ee31f48ff4","iPhone","screenAdjustedEvent",115.95388263932,6.87374547557014,4.77408490086516
"153",1423452168.037,"eu-west-1:84c07429-eaa3-4d2a-ac42-29ee31f48ff4","iPhone","screenAdjustedEvent",114.469552500504,13.4596725246877,3.35462865335652
"154",1423452168.375,"eu-west-1:84c07429-eaa3-4d2a-ac42-29ee31f48ff4","iPhone","screenAdjustedEvent",110.044041669583,47.0941233398187,6.75609789561498
"155",1423452168.709,"eu-west-1:84c07429-eaa3-4d2a-ac42-29ee31f48ff4","iPhone","screenAdjustedEvent",108.589691331582,55.421634877538,5.35662898276391
"156",1423452169.043,"eu-west-1:84c07429-eaa3-4d2a-ac42-29ee31f48ff4","iPhone","screenAdjustedEvent",113.548182263849,33.7366490201308,4.88181316777981
"157",1423452169.377,"eu-west-1:84c07429-eaa3-4d2a-ac42-29ee31f48ff4","iPhone","screenAdjustedEvent",111.091731468308,26.2060954801678,5.71608466051458
"158",1423452169.715,"eu-west-1:84c07429-eaa3-4d2a-ac42-29ee31f48ff4","iPhone","screenAdjustedEvent",98.7731195290676,25.3810652058521,7.83022852414034
"159",1423452170.048,"eu-west-1:84c07429-eaa3-4d2a-ac42-29ee31f48ff4","iPhone","screenAdjustedEvent",87.4495817869848,27.346098070934,8.17993932225916
"160",1423452170.383,"eu-west-1:84c07429-eaa3-4d2a-ac42-29ee31f48ff4","iPhone","screenAdjustedEvent",76.2547376881092,29.2825255901369,6.15907200318356
"161",1423452170.716,"eu-west-1:84c07429-eaa3-4d2a-ac42-29ee31f48ff4","iPhone","screenAdjustedEvent",67.034555137024,29.3387428864963,2.29050494973793
"162",1423452171.052,"eu-west-1:84c07429-eaa3-4d2a-ac42-29ee31f48ff4","iPhone","screenAdjustedEvent",55.069690139216,28.8747294432643,5.24538275049932
"163",1423452171.388,"eu-west-1:84c07429-eaa3-4d2a-ac42-29ee31f48ff4","iPhone","screenAdjustedEvent",40.7666371345355,32.7221669058318,2.88408453380449
"164",1423452171.726,"eu-west-1:84c07429-eaa3-4d2a-ac42-29ee31f48ff4","iPhone","screenAdjustedEvent",29.6882935885975,33.2472560673916,3.79778854492101
"165",1423452172.062,"eu-west-1:84c07429-eaa3-4d2a-ac42-29ee31f48ff4","iPhone","screenAdjustedEvent",21.9359335529529,29.9637016174496,8.13223728881262
"166",1423452172.396,"eu-west-1:84c07429-eaa3-4d2a-ac42-29ee31f48ff4","iPhone","screenAdjustedEvent",16.1360258666386,31.484888036892,9.15481449648615
"167",1423452172.731,"eu-west-1:84c07429-eaa3-4d2a-ac42-29ee31f48ff4","iPhone","screenAdjustedEvent",5.25170296800153,31.6587644769635,5.06032823686436
"168",1423452173.065,"eu-west-1:84c07429-eaa3-4d2a-ac42-29ee31f48ff4","iPhone","screenAdjustedEvent",345.231396026065,29.7042123860085,3.47173234566457
"169",1423452173.398,"eu-west-1:84c07429-eaa3-4d2a-ac42-29ee31f48ff4","iPhone","screenAdjustedEvent",330.772251281631,31.7815089736346,2.41153038890559
"170",1423452173.735,"eu-west-1:84c07429-eaa3-4d2a-ac42-29ee31f48ff4","iPhone","screenAdjustedEvent",314.183686290889,33.0564208737634,1.31984660739463
"171",1423452174.069,"eu-west-1:84c07429-eaa3-4d2a-ac42-29ee31f48ff4","iPhone","screenAdjustedEvent",302.933486438336,29.861523025761,5.51090713069597
"172",1423452174.403,"eu-west-1:84c07429-eaa3-4d2a-ac42-29ee31f48ff4","iPhone","screenAdjustedEvent",304.984333061613,29.9373648592015,6.53602102550592
"173",1423452174.738,"eu-west-1:84c07429-eaa3-4d2a-ac42-29ee31f48ff4","iPhone","screenAdjustedEvent",305.240136573346,29.8607472569339,1.3048719254953
"174",1423452175.074,"eu-west-1:84c07429-eaa3-4d2a-ac42-29ee31f48ff4","iPhone","screenAdjustedEvent",302.053395677523,28.8750102396939,4.18213717849678
"175",1423452175.409,"eu-west-1:84c07429-eaa3-4d2a-ac42-29ee31f48ff4","iPhone","screenAdjustedEvent",306.059256097889,30.3435591923966,1.47252368100167
"176",1423452175.744,"eu-west-1:84c07429-eaa3-4d2a-ac42-29ee31f48ff4","iPhone","screenAdjustedEvent",316.471316638761,30.3545053702331,1.9225900106153
"177",1423452176.078,"eu-west-1:84c07429-eaa3-4d2a-ac42-29ee31f48ff4","iPhone","screenAdjustedEvent",323.01207610022,29.7889910699029,6.53777477201956
"178",1423452176.415,"eu-west-1:84c07429-eaa3-4d2a-ac42-29ee31f48ff4","iPhone","screenAdjustedEvent",329.760721389687,31.311665935906,6.87758435934417
"179",1423452176.751,"eu-west-1:84c07429-eaa3-4d2a-ac42-29ee31f48ff4","iPhone","screenAdjustedEvent",325.444982956446,31.4934303888587,5.32085783156703
"180",1423452177.086,"eu-west-1:84c07429-eaa3-4d2a-ac42-29ee31f48ff4","iPhone","screenAdjustedEvent",314.086803114123,32.1942193168472,5.31415378750842
"181",1423452177.422,"eu-west-1:84c07429-eaa3-4d2a-ac42-29ee31f48ff4","iPhone","screenAdjustedEvent",305.126987341993,30.8853726007851,1.06865566051297
"182",1423452177.756,"eu-west-1:84c07429-eaa3-4d2a-ac42-29ee31f48ff4","iPhone","screenAdjustedEvent",300.940772170935,31.1127905906637,0.04101027382374
"183",1423452178.091,"eu-west-1:84c07429-eaa3-4d2a-ac42-29ee31f48ff4","iPhone","screenAdjustedEvent",308.554953669942,32.3739641523855,0.0108970806432724
"184",1423452178.427,"eu-west-1:84c07429-eaa3-4d2a-ac42-29ee31f48ff4","iPhone","screenAdjustedEvent",322.260822323407,27.639567850335,5.74306783064691
"185",1423452178.761,"eu-west-1:84c07429-eaa3-4d2a-ac42-29ee31f48ff4","iPhone","screenAdjustedEvent",335.792228250729,31.6333229309071,3.95780061940499
"186",1423452179.094,"eu-west-1:84c07429-eaa3-4d2a-ac42-29ee31f48ff4","iPhone","screenAdjustedEvent",330.646106704594,29.8916369691983,4.80261236318478
"187",1423452179.43,"eu-west-1:84c07429-eaa3-4d2a-ac42-29ee31f48ff4","iPhone","screenAdjustedEvent",314.000319415676,31.181552050582,-1.66309007845884
"188",1423452179.765,"eu-west-1:84c07429-eaa3-4d2a-ac42-29ee31f48ff4","iPhone","screenAdjustedEvent",297.665376315149,31.739540033781,-2.09611531037442
"189",1423452180.098,"eu-west-1:84c07429-eaa3-4d2a-ac42-29ee31f48ff4","iPhone","screenAdjustedEvent",280.764842581369,27.1501615945505,3.49053608669911
"190",1423452180.432,"eu-west-1:84c07429-eaa3-4d2a-ac42-29ee31f48ff4","iPhone","screenAdjustedEvent",263.612219927146,21.2885518504869,8.98660537705321
"191",1423452180.766,"eu-west-1:84c07429-eaa3-4d2a-ac42-29ee31f48ff4","iPhone","screenAdjustedEvent",251.384659372115,11.1212495961254,5.59429149359079
"192",1423452181.1,"eu-west-1:84c07429-eaa3-4d2a-ac42-29ee31f48ff4","iPhone","screenAdjustedEvent",229.318235025173,40.4175205244768,7.86464688479786
"193",1423452181.434,"eu-west-1:84c07429-eaa3-4d2a-ac42-29ee31f48ff4","iPhone","screenAdjustedEvent",217.445568280927,54.9018321217552,8.92638739407094
"194",1423452181.768,"eu-west-1:84c07429-eaa3-4d2a-ac42-29ee31f48ff4","iPhone","screenAdjustedEvent",218.479857126186,21.9988112839903,2.99615909748475
"195",1423452182.103,"eu-west-1:84c07429-eaa3-4d2a-ac42-29ee31f48ff4","iPhone","screenAdjustedEvent",216.376671853853,19.9731129988856,-0.773504880423679
"196",1423452182.437,"eu-west-1:84c07429-eaa3-4d2a-ac42-29ee31f48ff4","iPhone","screenAdjustedEvent",202.691628508489,28.9550525884852,-12.0182707190708
"197",1423452182.772,"eu-west-1:84c07429-eaa3-4d2a-ac42-29ee31f48ff4","iPhone","screenAdjustedEvent",184.992737232813,32.3776721944348,-16.5941622526501
"198",1423452183.105,"eu-west-1:84c07429-eaa3-4d2a-ac42-29ee31f48ff4","iPhone","screenAdjustedEvent",165.235284055783,29.2006107869071,-15.672713256775
"199",1423452183.45,"eu-west-1:84c07429-eaa3-4d2a-ac42-29ee31f48ff4","iPhone","screenAdjustedEvent",156.896027507912,27.415992768334,-14.9798707962344
"200",1423452183.788,"eu-west-1:84c07429-eaa3-4d2a-ac42-29ee31f48ff4","iPhone","screenAdjustedEvent",151.227517551262,22.2420499476754,-13.6006907930951
"201",1423452184.122,"eu-west-1:84c07429-eaa3-4d2a-ac42-29ee31f48ff4","iPhone","screenAdjustedEvent",152.676208406579,18.1188436661185,-12.1748491993852
"202",1423452184.459,"eu-west-1:84c07429-eaa3-4d2a-ac42-29ee31f48ff4","iPhone","screenAdjustedEvent",156.632009014594,20.4795660418729,2.30675663458249
"203",1423452184.793,"eu-west-1:84c07429-eaa3-4d2a-ac42-29ee31f48ff4","iPhone","screenAdjustedEvent",179.702956004861,28.4692055582156,0.0291198097697944
"204",1423452185.128,"eu-west-1:84c07429-eaa3-4d2a-ac42-29ee31f48ff4","iPhone","screenAdjustedEvent",213.013162667682,21.9259123577046,-19.9999629784058
"205",1423452185.462,"eu-west-1:84c07429-eaa3-4d2a-ac42-29ee31f48ff4","iPhone","screenAdjustedEvent",227.026615787352,8.56391158697611,-23.3883869852974
"206",1423452185.798,"eu-west-1:84c07429-eaa3-4d2a-ac42-29ee31f48ff4","iPhone","screenAdjustedEvent",227.488227579493,1.26704978667658,-32.6120890050996
"207",1423452186.132,"eu-west-1:84c07429-eaa3-4d2a-ac42-29ee31f48ff4","iPhone","screenAdjustedEvent",224.768584962687,0.916399127765089,-34.3332404803368
"208",1423452186.475,"eu-west-1:84c07429-eaa3-4d2a-ac42-29ee31f48ff4","iPhone","screenAdjustedEvent",221.005924290662,-2.55686436423741,-31.1528504404441
"209",1423452186.808,"eu-west-1:84c07429-eaa3-4d2a-ac42-29ee31f48ff4","iPhone","screenAdjustedEvent",228.544681854671,-3.25759668465001,-26.6687758369955
"210",1423452187.142,"eu-west-1:84c07429-eaa3-4d2a-ac42-29ee31f48ff4","iPhone","screenAdjustedEvent",259.718358547666,-11.6438525240955,-23.0768121220788
"211",1423452187.478,"eu-west-1:84c07429-eaa3-4d2a-ac42-29ee31f48ff4","iPhone","screenAdjustedEvent",278.02703192647,-16.6768881491465,-23.3043673750544
"212",1423452187.812,"eu-west-1:84c07429-eaa3-4d2a-ac42-29ee31f48ff4","iPhone","screenAdjustedEvent",256.871053003195,-2.97747385879425,-27.4621719192991
"213",1423452188.147,"eu-west-1:84c07429-eaa3-4d2a-ac42-29ee31f48ff4","iPhone","screenAdjustedEvent",240.80643231722,9.7720816554759,-25.2416625281351
"214",1423452188.482,"eu-west-1:84c07429-eaa3-4d2a-ac42-29ee31f48ff4","iPhone","screenAdjustedEvent",220.712868858134,16.1594728130934,-25.1943413284695
"215",1423452188.818,"eu-west-1:84c07429-eaa3-4d2a-ac42-29ee31f48ff4","iPhone","screenAdjustedEvent",215.956420852618,12.8945891591568,-30.3093046435478
"216",1423452189.155,"eu-west-1:84c07429-eaa3-4d2a-ac42-29ee31f48ff4","iPhone","screenAdjustedEvent",225.045459817778,3.69880701376657,-39.6042316369879
"217",1423452189.491,"eu-west-1:84c07429-eaa3-4d2a-ac42-29ee31f48ff4","iPhone","screenAdjustedEvent",233.06035311024,-2.8012496604437,-44.5124476321257
"218",1423452189.826,"eu-west-1:84c07429-eaa3-4d2a-ac42-29ee31f48ff4","iPhone","screenAdjustedEvent",244.653072285655,4.21460541199787,-21.8982086608933
"219",1423452190.161,"eu-west-1:84c07429-eaa3-4d2a-ac42-29ee31f48ff4","iPhone","screenAdjustedEvent",251.816036094255,16.9023450259723,-5.1825927399292
"220",1423452190.499,"eu-west-1:84c07429-eaa3-4d2a-ac42-29ee31f48ff4","iPhone","screenAdjustedEvent",255.746023475062,33.2569876263256,-18.4095515207697
"221",1423452190.836,"eu-west-1:84c07429-eaa3-4d2a-ac42-29ee31f48ff4","iPhone","screenAdjustedEvent",254.955429257102,22.9593422573694,-31.0221836038407
"222",1423452191.17,"eu-west-1:84c07429-eaa3-4d2a-ac42-29ee31f48ff4","iPhone","screenAdjustedEvent",249.524950758977,-7.12212136601601,-30.0812230806446
"223",1423452191.503,"eu-west-1:84c07429-eaa3-4d2a-ac42-29ee31f48ff4","iPhone","screenAdjustedEvent",255.809410950418,-16.7539175987812,-24.2466702860407
"224",1423452191.837,"eu-west-1:84c07429-eaa3-4d2a-ac42-29ee31f48ff4","iPhone","screenAdjustedEvent",264.23841912787,2.50800149327105,-8.67192430195771
"225",1423452192.17,"eu-west-1:84c07429-eaa3-4d2a-ac42-29ee31f48ff4","iPhone","screenAdjustedEvent",274.956477268751,20.6874553477424,-23.2178809273472
"226",1423452192.507,"eu-west-1:84c07429-eaa3-4d2a-ac42-29ee31f48ff4","iPhone","screenAdjustedEvent",280.680867860572,12.5968189872559,-38.9294784992883
"227",1423452192.842,"eu-west-1:84c07429-eaa3-4d2a-ac42-29ee31f48ff4","iPhone","screenAdjustedEvent",278.899143185875,-7.73723257684839,-38.5397061069286
"228",1423452193.176,"eu-west-1:84c07429-eaa3-4d2a-ac42-29ee31f48ff4","iPhone","screenAdjustedEvent",286.455894219612,-5.79932092955111,-10.3697467155259
"229",1423452193.51,"eu-west-1:84c07429-eaa3-4d2a-ac42-29ee31f48ff4","iPhone","screenAdjustedEvent",286.614956251667,10.1152296809047,-11.9179060394229
"230",1423452193.843,"eu-west-1:84c07429-eaa3-4d2a-ac42-29ee31f48ff4","iPhone","screenAdjustedEvent",279.095088771275,20.1709861210676,-26.488671679838
"231",1423452194.177,"eu-west-1:84c07429-eaa3-4d2a-ac42-29ee31f48ff4","iPhone","screenAdjustedEvent",270.861189141806,-1.98632893604187,-42.1565263030253
"232",1423452194.512,"eu-west-1:84c07429-eaa3-4d2a-ac42-29ee31f48ff4","iPhone","screenAdjustedEvent",270.085982067048,-15.7712907999238,-33.7913250313445
"233",1423452194.847,"eu-west-1:84c07429-eaa3-4d2a-ac42-29ee31f48ff4","iPhone","screenAdjustedEvent",269.021053285535,1.78846510558793,-16.1850694732344
"234",1423452195.185,"eu-west-1:84c07429-eaa3-4d2a-ac42-29ee31f48ff4","iPhone","screenAdjustedEvent",234.819869468524,28.214734911122,-7.34155856370866
"235",1423452195.519,"eu-west-1:84c07429-eaa3-4d2a-ac42-29ee31f48ff4","iPhone","screenAdjustedEvent",172.82968409217,25.5809993851438,18.8599391360396
"236",1423452195.853,"eu-west-1:84c07429-eaa3-4d2a-ac42-29ee31f48ff4","iPhone","screenAdjustedEvent",124.505332127757,24.1407824511845,21.8405831724783
"237",1423452196.186,"eu-west-1:84c07429-eaa3-4d2a-ac42-29ee31f48ff4","iPhone","screenAdjustedEvent",101.569585054485,36.273901671531,14.1164685113377
"238",1423452196.529,"eu-west-1:84c07429-eaa3-4d2a-ac42-29ee31f48ff4","iPhone","screenAdjustedEvent",103.305691644075,56.7026895357423,-3.15261161958494
"239",1423452196.864,"eu-west-1:84c07429-eaa3-4d2a-ac42-29ee31f48ff4","iPhone","screenAdjustedEvent",111.908954198686,43.6524064232167,-8.22203506115827
"240",1423452197.201,"eu-west-1:84c07429-eaa3-4d2a-ac42-29ee31f48ff4","iPhone","screenAdjustedEvent",105.270691758228,25.1804369143036,17.8771812879969
"241",1423452197.534,"eu-west-1:84c07429-eaa3-4d2a-ac42-29ee31f48ff4","iPhone","screenAdjustedEvent",94.8825491926558,12.3483595019221,35.7880298464845
"242",1423452197.867,"eu-west-1:84c07429-eaa3-4d2a-ac42-29ee31f48ff4","iPhone","screenAdjustedEvent",72.8755360659468,22.3778924195134,21.3869079536479
"243",1423452198.202,"eu-west-1:84c07429-eaa3-4d2a-ac42-29ee31f48ff4","iPhone","screenAdjustedEvent",65.6500164120052,38.5022668998539,3.06094894556837
"244",1423452198.536,"eu-west-1:84c07429-eaa3-4d2a-ac42-29ee31f48ff4","iPhone","screenAdjustedEvent",89.5731080718533,45.2976826505523,-24.478880803254
"245",1423452198.87,"eu-west-1:84c07429-eaa3-4d2a-ac42-29ee31f48ff4","iPhone","screenAdjustedEvent",94.4502505711495,42.3084534029955,-10.4686403400831
"246",1423452199.204,"eu-west-1:84c07429-eaa3-4d2a-ac42-29ee31f48ff4","iPhone","screenAdjustedEvent",82.8680437563026,30.4483263163185,25.9351869121217
"247",1423452199.538,"eu-west-1:84c07429-eaa3-4d2a-ac42-29ee31f48ff4","iPhone","screenAdjustedEvent",71.0555777289949,17.0240772823035,23.9383679357121
"248",1423452199.872,"eu-west-1:84c07429-eaa3-4d2a-ac42-29ee31f48ff4","iPhone","screenAdjustedEvent",66.8501257115285,36.9884097677157,6.91756217581317
"249",1423452200.213,"eu-west-1:84c07429-eaa3-4d2a-ac42-29ee31f48ff4","iPhone","screenAdjustedEvent",87.9004534409351,50.4496158198045,-13.5518820189995
"250",1423452200.548,"eu-west-1:84c07429-eaa3-4d2a-ac42-29ee31f48ff4","iPhone","screenAdjustedEvent",102.517714869775,40.6828316802387,-3.27986446770583
"251",1423452200.882,"eu-west-1:84c07429-eaa3-4d2a-ac42-29ee31f48ff4","iPhone","screenAdjustedEvent",97.907560944154,30.9332287396725,15.1431611710399
"252",1423452201.216,"eu-west-1:84c07429-eaa3-4d2a-ac42-29ee31f48ff4","iPhone","screenAdjustedEvent",97.8479561784079,20.2048162887876,8.73958277347634
"253",1423452201.571,"eu-west-1:84c07429-eaa3-4d2a-ac42-29ee31f48ff4","iPhone","screenAdjustedEvent",106.462863783999,10.4321078340827,7.54946587653159
"254",1423452201.905,"eu-west-1:84c07429-eaa3-4d2a-ac42-29ee31f48ff4","iPhone","screenAdjustedEvent",105.830645546839,35.0223835588406,2.16464582631141
"255",1423452202.239,"eu-west-1:84c07429-eaa3-4d2a-ac42-29ee31f48ff4","iPhone","screenAdjustedEvent",106.596392689709,44.6003576368715,0.174572236725207
"256",1423452202.574,"eu-west-1:84c07429-eaa3-4d2a-ac42-29ee31f48ff4","iPhone","screenAdjustedEvent",104.64643484788,38.9528675270042,1.52124832674051
"257",1423452202.907,"eu-west-1:84c07429-eaa3-4d2a-ac42-29ee31f48ff4","iPhone","screenAdjustedEvent",100.239415513325,35.5438233354296,2.42448890038923
"258",1423452203.241,"eu-west-1:84c07429-eaa3-4d2a-ac42-29ee31f48ff4","iPhone","screenAdjustedEvent",108.384214436538,24.3810946822048,15.1330473182185
"259",1423452203.576,"eu-west-1:84c07429-eaa3-4d2a-ac42-29ee31f48ff4","iPhone","screenAdjustedEvent",117.318918804912,23.5871983641034,15.6796268300161
"260",1423452203.911,"eu-west-1:84c07429-eaa3-4d2a-ac42-29ee31f48ff4","iPhone","screenAdjustedEvent",121.324416686815,32.022082899137,12.330557087832
"261",1423452204.245,"eu-west-1:84c07429-eaa3-4d2a-ac42-29ee31f48ff4","iPhone","screenAdjustedEvent",121.750062678125,44.9007096487218,-1.82816632748507
"262",1423452204.578,"eu-west-1:84c07429-eaa3-4d2a-ac42-29ee31f48ff4","iPhone","screenAdjustedEvent",122.313254030384,40.3130279742895,-1.19464420840525
"263",1423452204.915,"eu-west-1:84c07429-eaa3-4d2a-ac42-29ee31f48ff4","iPhone","screenAdjustedEvent",124.534353946203,41.0629370600784,-8.47871726273659
"264",1423452205.249,"eu-west-1:84c07429-eaa3-4d2a-ac42-29ee31f48ff4","iPhone","screenAdjustedEvent",139.025074523964,47.4736593889875,-26.6903237150654
"265",1423452205.584,"eu-west-1:84c07429-eaa3-4d2a-ac42-29ee31f48ff4","iPhone","screenAdjustedEvent",146.995623183321,41.0174507102461,-16.9555213431504
"266",1423452205.917,"eu-west-1:84c07429-eaa3-4d2a-ac42-29ee31f48ff4","iPhone","screenAdjustedEvent",146.495097144739,29.5101339689374,11.1005684373294
"267",1423452206.252,"eu-west-1:84c07429-eaa3-4d2a-ac42-29ee31f48ff4","iPhone","screenAdjustedEvent",145.805731252532,28.0374981572192,15.8844132296839
"268",1423452206.587,"eu-west-1:84c07429-eaa3-4d2a-ac42-29ee31f48ff4","iPhone","screenAdjustedEvent",148.099920712424,39.0769389710474,1.59036741108812
"269",1423452206.921,"eu-west-1:84c07429-eaa3-4d2a-ac42-29ee31f48ff4","iPhone","screenAdjustedEvent",161.125597165306,44.476164468757,-13.0663039045721
"270",1423452207.255,"eu-west-1:84c07429-eaa3-4d2a-ac42-29ee31f48ff4","iPhone","screenAdjustedEvent",170.402352846384,39.9286117091332,-7.26000177974326
"271",1423452207.588,"eu-west-1:84c07429-eaa3-4d2a-ac42-29ee31f48ff4","iPhone","screenAdjustedEvent",187.497192497025,30.7786570506209,8.21521558626269
"272",1423452207.921,"eu-west-1:84c07429-eaa3-4d2a-ac42-29ee31f48ff4","iPhone","screenAdjustedEvent",196.14893973207,31.9164295270459,10.2381862247158
"273",1423452208.257,"eu-west-1:84c07429-eaa3-4d2a-ac42-29ee31f48ff4","iPhone","screenAdjustedEvent",196.334495075857,33.4761106560909,5.22119614570162
"274",1423452208.592,"eu-west-1:84c07429-eaa3-4d2a-ac42-29ee31f48ff4","iPhone","screenAdjustedEvent",194.554866812442,39.5339426331522,-6.54794653763017
"275",1423452208.926,"eu-west-1:84c07429-eaa3-4d2a-ac42-29ee31f48ff4","iPhone","screenAdjustedEvent",192.226609516733,34.0572447621617,-1.37818491462783
"276",1423452209.261,"eu-west-1:84c07429-eaa3-4d2a-ac42-29ee31f48ff4","iPhone","screenAdjustedEvent",191.270245932264,21.3548701709437,13.1076286728404
"277",1423452209.594,"eu-west-1:84c07429-eaa3-4d2a-ac42-29ee31f48ff4","iPhone","screenAdjustedEvent",193.008447320397,10.0867720077976,24.8369053380273
"278",1423452209.929,"eu-west-1:84c07429-eaa3-4d2a-ac42-29ee31f48ff4","iPhone","screenAdjustedEvent",197.868044234061,25.522487909099,11.7956098365318
"279",1423452210.266,"eu-west-1:84c07429-eaa3-4d2a-ac42-29ee31f48ff4","iPhone","screenAdjustedEvent",218.268561430801,46.277078900344,-15.3515038143415
"280",1423452210.6,"eu-west-1:84c07429-eaa3-4d2a-ac42-29ee31f48ff4","iPhone","screenAdjustedEvent",241.235907285275,34.7560569080489,-5.42863136881219
"281",1423452210.935,"eu-west-1:84c07429-eaa3-4d2a-ac42-29ee31f48ff4","iPhone","screenAdjustedEvent",269.368182385857,25.2229210945905,11.719449905194
"282",1423452211.269,"eu-west-1:84c07429-eaa3-4d2a-ac42-29ee31f48ff4","iPhone","screenAdjustedEvent",281.437332240584,25.6296245595318,17.3843362516669
"283",1423452211.605,"eu-west-1:84c07429-eaa3-4d2a-ac42-29ee31f48ff4","iPhone","screenAdjustedEvent",283.443882535855,26.7965378827728,9.34444952492558
"284",1423452211.941,"eu-west-1:84c07429-eaa3-4d2a-ac42-29ee31f48ff4","iPhone","screenAdjustedEvent",290.2659446465,37.5402506128292,-8.13222467124429
"285",1423452212.274,"eu-west-1:84c07429-eaa3-4d2a-ac42-29ee31f48ff4","iPhone","screenAdjustedEvent",291.536086235212,36.0467682825696,-9.58352870921958
"286",1423452212.611,"eu-west-1:84c07429-eaa3-4d2a-ac42-29ee31f48ff4","iPhone","screenAdjustedEvent",293.812513664852,25.7083757236164,2.17520621077715
"287",1423452212.946,"eu-west-1:84c07429-eaa3-4d2a-ac42-29ee31f48ff4","iPhone","screenAdjustedEvent",300.822077793103,18.9655020440742,18.1031361669195
"288",1423452213.279,"eu-west-1:84c07429-eaa3-4d2a-ac42-29ee31f48ff4","iPhone","screenAdjustedEvent",294.414690935202,30.5935814615908,13.7790678509865
"289",1423452213.616,"eu-west-1:84c07429-eaa3-4d2a-ac42-29ee31f48ff4","iPhone","screenAdjustedEvent",294.165790413467,41.3046571369381,-13.2985903802376
"290",1423452213.952,"eu-west-1:84c07429-eaa3-4d2a-ac42-29ee31f48ff4","iPhone","screenAdjustedEvent",293.269705012795,41.7144354441149,-24.1976908418773
"291",1423452214.287,"eu-west-1:84c07429-eaa3-4d2a-ac42-29ee31f48ff4","iPhone","screenAdjustedEvent",295.373898102899,39.1152927666134,-24.0916903985101
"292",1423452214.622,"eu-west-1:84c07429-eaa3-4d2a-ac42-29ee31f48ff4","iPhone","screenAdjustedEvent",314.996190309191,27.763478566982,-10.8651882795208
"293",1423452214.957,"eu-west-1:84c07429-eaa3-4d2a-ac42-29ee31f48ff4","iPhone","screenAdjustedEvent",331.592538957127,27.5956429755067,0.223325237777021
"294",1423452215.292,"eu-west-1:84c07429-eaa3-4d2a-ac42-29ee31f48ff4","iPhone","screenAdjustedEvent",326.343251623702,19.3806177122863,8.08523676776367
"295",1423452215.625,"eu-west-1:84c07429-eaa3-4d2a-ac42-29ee31f48ff4","iPhone","screenAdjustedEvent",306.142869582572,15.3908138585096,6.68320103841128
"296",1423452215.959,"eu-west-1:84c07429-eaa3-4d2a-ac42-29ee31f48ff4","iPhone","screenAdjustedEvent",281.634284298392,28.7175458058978,-2.16366835844517
"297",1423452216.293,"eu-west-1:84c07429-eaa3-4d2a-ac42-29ee31f48ff4","iPhone","screenAdjustedEvent",263.180522017866,31.165885596264,-4.92426731929063
"298",1423452216.628,"eu-west-1:84c07429-eaa3-4d2a-ac42-29ee31f48ff4","iPhone","screenAdjustedEvent",247.476753416326,25.348312630178,2.51689290756821
"299",1423452216.964,"eu-west-1:84c07429-eaa3-4d2a-ac42-29ee31f48ff4","iPhone","screenAdjustedEvent",235.523856672634,29.8598257931677,5.25041178627008
"300",1423452217.299,"eu-west-1:84c07429-eaa3-4d2a-ac42-29ee31f48ff4","iPhone","screenAdjustedEvent",224.440086372346,33.4879193319938,-0.0317835234113369
"301",1423452217.632,"eu-west-1:84c07429-eaa3-4d2a-ac42-29ee31f48ff4","iPhone","screenAdjustedEvent",202.41358353029,25.4748670258228,-0.783022523954838
"302",1423452217.967,"eu-west-1:84c07429-eaa3-4d2a-ac42-29ee31f48ff4","iPhone","screenAdjustedEvent",175.775745957601,28.4941125160374,0.0788543179356583
"303",1423452218.301,"eu-west-1:84c07429-eaa3-4d2a-ac42-29ee31f48ff4","iPhone","screenAdjustedEvent",167.391858017166,25.5379462439649,0.856504670132912
"304",1423452218.636,"eu-west-1:84c07429-eaa3-4d2a-ac42-29ee31f48ff4","iPhone","screenAdjustedEvent",174.401327877084,24.8263344812233,5.61672801092096
"305",1423452218.969,"eu-west-1:84c07429-eaa3-4d2a-ac42-29ee31f48ff4","iPhone","screenAdjustedEvent",177.381302863261,32.2934316078613,11.1132560203087
"306",1423452219.304,"eu-west-1:84c07429-eaa3-4d2a-ac42-29ee31f48ff4","iPhone","screenAdjustedEvent",169.281227143319,25.3916022660851,9.49747462272514
"307",1423452219.638,"eu-west-1:84c07429-eaa3-4d2a-ac42-29ee31f48ff4","iPhone","screenAdjustedEvent",141.771817071874,25.0191385067461,6.20161207932195
"308",1423452219.972,"eu-west-1:84c07429-eaa3-4d2a-ac42-29ee31f48ff4","iPhone","screenAdjustedEvent",123.311967398192,19.6857486954899,12.4663702223817
"309",1423452220.307,"eu-west-1:84c07429-eaa3-4d2a-ac42-29ee31f48ff4","iPhone","screenAdjustedEvent",117.276656583539,19.0915654863496,12.7181536151665
"310",1423452220.641,"eu-west-1:84c07429-eaa3-4d2a-ac42-29ee31f48ff4","iPhone","screenAdjustedEvent",101.072186345487,20.6046979619598,10.8408433614657
"311",1423452220.974,"eu-west-1:84c07429-eaa3-4d2a-ac42-29ee31f48ff4","iPhone","screenAdjustedEvent",81.8585174591415,23.3654167108213,9.71158932719725
"312",1423452221.309,"eu-west-1:84c07429-eaa3-4d2a-ac42-29ee31f48ff4","iPhone","screenAdjustedEvent",65.4138464083864,21.6703110015377,14.4408913239634
"313",1423452221.647,"eu-west-1:84c07429-eaa3-4d2a-ac42-29ee31f48ff4","iPhone","screenAdjustedEvent",66.0513925748006,21.704694841521,10.5168177746848
"314",1423452221.98,"eu-west-1:84c07429-eaa3-4d2a-ac42-29ee31f48ff4","iPhone","screenAdjustedEvent",69.0784361408867,26.1038885912399,9.45317693280093
"315",1423452222.321,"eu-west-1:84c07429-eaa3-4d2a-ac42-29ee31f48ff4","iPhone","screenAdjustedEvent",68.5055990036311,25.1839710359337,6.57341027351245
"316",1423452222.663,"eu-west-1:84c07429-eaa3-4d2a-ac42-29ee31f48ff4","iPhone","screenAdjustedEvent",64.4798557332843,25.2527152947934,5.16527245245923
"317",1423452222.997,"eu-west-1:84c07429-eaa3-4d2a-ac42-29ee31f48ff4","iPhone","screenAdjustedEvent",68.1379126270144,32.0087673774855,-5.32050000664312
"318",1423452223.331,"eu-west-1:84c07429-eaa3-4d2a-ac42-29ee31f48ff4","iPhone","screenAdjustedEvent",59.5106251045432,43.3690633177118,-21.5491190565278
"319",1423452223.665,"eu-west-1:84c07429-eaa3-4d2a-ac42-29ee31f48ff4","iPhone","screenAdjustedEvent",55.8172980530922,27.9093091298557,-7.19528708338946
"320",1423452223.998,"eu-west-1:84c07429-eaa3-4d2a-ac42-29ee31f48ff4","iPhone","screenAdjustedEvent",59.3516141326922,15.2749513280207,10.5373266729034
"321",1423452224.335,"eu-west-1:84c07429-eaa3-4d2a-ac42-29ee31f48ff4","iPhone","screenAdjustedEvent",56.3712138747303,26.771320010323,0.210373528034005
"322",1423452224.668,"eu-west-1:84c07429-eaa3-4d2a-ac42-29ee31f48ff4","iPhone","screenAdjustedEvent",56.2133105207331,28.1555498157033,0.110905885176543
"323",1423452225.003,"eu-west-1:84c07429-eaa3-4d2a-ac42-29ee31f48ff4","iPhone","screenAdjustedEvent",56.0149452533717,27.5891076853279,0.693541155435318
"324",1423452225.338,"eu-west-1:84c07429-eaa3-4d2a-ac42-29ee31f48ff4","iPhone","screenAdjustedEvent",55.8802241865171,27.4875081529725,1.55023256859869
"325",1423452225.672,"eu-west-1:84c07429-eaa3-4d2a-ac42-29ee31f48ff4","iPhone","screenAdjustedEvent",54.478859520263,33.4984682487073,-4.62847119040567
"326",1423452226.006,"eu-west-1:84c07429-eaa3-4d2a-ac42-29ee31f48ff4","iPhone","screenAdjustedEvent",55.4709088585099,38.0572696942692,-12.0871073461002
"327",1423452226.339,"eu-west-1:84c07429-eaa3-4d2a-ac42-29ee31f48ff4","iPhone","screenAdjustedEvent",54.1929392321835,36.4563033324426,-8.72067470995296
"328",1423452226.674,"eu-west-1:84c07429-eaa3-4d2a-ac42-29ee31f48ff4","iPhone","screenAdjustedEvent",53.1134349466787,35.5222319374111,-7.06381644495035
"329",1423452227.008,"eu-west-1:84c07429-eaa3-4d2a-ac42-29ee31f48ff4","iPhone","screenAdjustedEvent",52.5240013505451,34.869205231258,-4.80577696919566
"330",1423452227.343,"eu-west-1:84c07429-eaa3-4d2a-ac42-29ee31f48ff4","iPhone","screenAdjustedEvent",66.6044418036597,31.8874861255119,-8.10513624344948
"331",1423452227.677,"eu-west-1:84c07429-eaa3-4d2a-ac42-29ee31f48ff4","iPhone","screenAdjustedEvent",64.7996313853941,32.3665080921466,-8.13283442351155
"332",1423452228.011,"eu-west-1:84c07429-eaa3-4d2a-ac42-29ee31f48ff4","iPhone","screenAdjustedEvent",54.5032569995747,35.5109034983787,-7.98964799041575
"333",1423452228.346,"eu-west-1:84c07429-eaa3-4d2a-ac42-29ee31f48ff4","iPhone","screenAdjustedEvent",44.6110858431732,36.9158718273473,-4.12937055688746
"334",1423452228.707,"eu-west-1:84c07429-eaa3-4d2a-ac42-29ee31f48ff4","iPhone","screenAdjustedEvent",35.9177189264936,49.0689960857137,-16.0328493611615
"335",1423452229.042,"eu-west-1:84c07429-eaa3-4d2a-ac42-29ee31f48ff4","iPhone","screenAdjustedEvent",42.0618616445829,46.9491330439611,-17.4677791775176
"336",1423452229.375,"eu-west-1:84c07429-eaa3-4d2a-ac42-29ee31f48ff4","iPhone","screenAdjustedEvent",59.8399979177083,32.7801891060141,-9.43238832797279
"337",1423452229.709,"eu-west-1:84c07429-eaa3-4d2a-ac42-29ee31f48ff4","iPhone","screenAdjustedEvent",58.4181899342141,17.6265918434961,19.6278593688979
"338",1423452230.043,"eu-west-1:84c07429-eaa3-4d2a-ac42-29ee31f48ff4","iPhone","screenAdjustedEvent",45.1310343703471,20.1928479932275,16.6724671249232
"339",1423452230.377,"eu-west-1:84c07429-eaa3-4d2a-ac42-29ee31f48ff4","iPhone","screenAdjustedEvent",39.4788411465056,28.7265843299455,2.48528700120508
"340",1423452230.711,"eu-west-1:84c07429-eaa3-4d2a-ac42-29ee31f48ff4","iPhone","screenAdjustedEvent",42.3660274312616,42.5575895702286,-10.353444326286
"341",1423452231.046,"eu-west-1:84c07429-eaa3-4d2a-ac42-29ee31f48ff4","iPhone","screenAdjustedEvent",52.0009840872957,46.808760516658,-19.172266137035
"342",1423452231.382,"eu-west-1:84c07429-eaa3-4d2a-ac42-29ee31f48ff4","iPhone","screenAdjustedEvent",61.0949428765525,51.8284446516816,-4.03960282936575
"343",1423452231.716,"eu-west-1:84c07429-eaa3-4d2a-ac42-29ee31f48ff4","iPhone","screenAdjustedEvent",66.9019719989042,65.1116149039078,-6.08493879222184
"344",1423452232.052,"eu-west-1:84c07429-eaa3-4d2a-ac42-29ee31f48ff4","iPhone","screenAdjustedEvent",70.5005028877992,63.3566212097294,-5.15392907545461
"345",1423452232.385,"eu-west-1:84c07429-eaa3-4d2a-ac42-29ee31f48ff4","iPhone","screenAdjustedEvent",56.6269804773714,27.5326606769149,18.5557061043478
"346",1423452232.719,"eu-west-1:84c07429-eaa3-4d2a-ac42-29ee31f48ff4","iPhone","screenAdjustedEvent",39.4843739085875,3.88429113901801,18.6205070571294
"347",1423452233.053,"eu-west-1:84c07429-eaa3-4d2a-ac42-29ee31f48ff4","iPhone","screenAdjustedEvent",23.9049816267683,22.2519938498406,13.9842542951512
"348",1423452233.389,"eu-west-1:84c07429-eaa3-4d2a-ac42-29ee31f48ff4","iPhone","screenAdjustedEvent",24.0042117512843,50.7797197060371,-2.82467979585474
"349",1423452233.723,"eu-west-1:84c07429-eaa3-4d2a-ac42-29ee31f48ff4","iPhone","screenAdjustedEvent",47.3121887118275,55.4311014438191,-32.2413539813164
"350",1423452234.057,"eu-west-1:84c07429-eaa3-4d2a-ac42-29ee31f48ff4","iPhone","screenAdjustedEvent",57.7887285669967,46.2545080146706,-15.7537454747239
"351",1423452234.391,"eu-west-1:84c07429-eaa3-4d2a-ac42-29ee31f48ff4","iPhone","screenAdjustedEvent",58.0381493922985,35.8759319137859,19.749101356296
"352",1423452234.729,"eu-west-1:84c07429-eaa3-4d2a-ac42-29ee31f48ff4","iPhone","screenAdjustedEvent",46.9063328821559,48.0136837375981,13.5721524745568
"353",1423452235.064,"eu-west-1:84c07429-eaa3-4d2a-ac42-29ee31f48ff4","iPhone","screenAdjustedEvent",47.7184766580746,60.9847758938305,2.52124378522283
"354",1423452235.398,"eu-west-1:84c07429-eaa3-4d2a-ac42-29ee31f48ff4","iPhone","screenAdjustedEvent",45.3113476313037,35.4228856001626,16.2572479917686
"355",1423452235.732,"eu-west-1:84c07429-eaa3-4d2a-ac42-29ee31f48ff4","iPhone","screenAdjustedEvent",42.3479680244473,31.1912685503255,15.7253081870289
"356",1423452236.065,"eu-west-1:84c07429-eaa3-4d2a-ac42-29ee31f48ff4","iPhone","screenAdjustedEvent",34.8886439221155,55.7224806644163,17.0009485787412
"357",1423452236.398,"eu-west-1:84c07429-eaa3-4d2a-ac42-29ee31f48ff4","iPhone","screenAdjustedEvent",36.237445526712,68.5452613860012,5.0488439955715
"358",1423452236.734,"eu-west-1:84c07429-eaa3-4d2a-ac42-29ee31f48ff4","iPhone","screenAdjustedEvent",39.3903949969468,66.5089947734498,0.224957781667698
"359",1423452237.067,"eu-west-1:84c07429-eaa3-4d2a-ac42-29ee31f48ff4","iPhone","screenAdjustedEvent",45.7705446230871,37.6491971814342,11.226748444574
"360",1423452237.402,"eu-west-1:84c07429-eaa3-4d2a-ac42-29ee31f48ff4","iPhone","screenAdjustedEvent",46.7730903825027,28.0600501088383,21.8355495397729
"361",1423452237.738,"eu-west-1:84c07429-eaa3-4d2a-ac42-29ee31f48ff4","iPhone","screenAdjustedEvent",44.3270763388956,37.0015067826532,32.7419261027039
"362",1423452238.071,"eu-west-1:84c07429-eaa3-4d2a-ac42-29ee31f48ff4","iPhone","screenAdjustedEvent",40.8816660956872,48.8953412877891,-2.74874648738358
"363",1423452238.407,"eu-west-1:84c07429-eaa3-4d2a-ac42-29ee31f48ff4","iPhone","screenAdjustedEvent",40.716530786558,57.0372881340147,-24.3609490285209
"364",1423452238.74,"eu-west-1:84c07429-eaa3-4d2a-ac42-29ee31f48ff4","iPhone","screenAdjustedEvent",42.2778737200683,52.0341127003059,-19.2026081366512
"365",1423452239.074,"eu-west-1:84c07429-eaa3-4d2a-ac42-29ee31f48ff4","iPhone","screenAdjustedEvent",41.8980364372905,45.556246338477,2.37240621114339
"366",1423452239.408,"eu-west-1:84c07429-eaa3-4d2a-ac42-29ee31f48ff4","iPhone","screenAdjustedEvent",42.8052205893677,41.009833483208,14.3569593146539
"367",1423452239.742,"eu-west-1:84c07429-eaa3-4d2a-ac42-29ee31f48ff4","iPhone","screenAdjustedEvent",37.0458505630799,58.9022755644188,7.70633983369011
"368",1423452240.075,"eu-west-1:84c07429-eaa3-4d2a-ac42-29ee31f48ff4","iPhone","screenAdjustedEvent",39.6237557566064,71.3977159838073,0.00644977811714738
"369",1423452240.411,"eu-west-1:84c07429-eaa3-4d2a-ac42-29ee31f48ff4","iPhone","screenAdjustedEvent",43.1754790402309,51.2272186773835,2.85737040370211
"370",1423452240.748,"eu-west-1:84c07429-eaa3-4d2a-ac42-29ee31f48ff4","iPhone","screenAdjustedEvent",45.0255105092204,26.8161284481299,8.3816507553451
"371",1423452241.083,"eu-west-1:84c07429-eaa3-4d2a-ac42-29ee31f48ff4","iPhone","screenAdjustedEvent",44.713963373257,12.43159264198,10.0466350738622
"372",1423452241.417,"eu-west-1:84c07429-eaa3-4d2a-ac42-29ee31f48ff4","iPhone","screenAdjustedEvent",41.1556640970085,33.5645142052741,9.19914778872414
"373",1423452241.752,"eu-west-1:84c07429-eaa3-4d2a-ac42-29ee31f48ff4","iPhone","screenAdjustedEvent",34.7838303485876,51.9435356108667,7.91553125431762
"374",1423452242.087,"eu-west-1:84c07429-eaa3-4d2a-ac42-29ee31f48ff4","iPhone","screenAdjustedEvent",30.3681107692208,63.8167245795042,7.78177800182814
"375",1423452242.42,"eu-west-1:84c07429-eaa3-4d2a-ac42-29ee31f48ff4","iPhone","screenAdjustedEvent",38.4759745238246,39.0445331543865,9.90169789865136
"376",1423452242.754,"eu-west-1:84c07429-eaa3-4d2a-ac42-29ee31f48ff4","iPhone","screenAdjustedEvent",39.4249988502591,21.3413712851817,11.0030404762139
"377",1423452243.089,"eu-west-1:84c07429-eaa3-4d2a-ac42-29ee31f48ff4","iPhone","screenAdjustedEvent",41.964531523117,20.3352409478194,21.0668253689102
"378",1423452243.423,"eu-west-1:84c07429-eaa3-4d2a-ac42-29ee31f48ff4","iPhone","screenAdjustedEvent",40.0527986839467,24.5586841289075,33.9281922485499
"379",1423452243.771,"eu-west-1:84c07429-eaa3-4d2a-ac42-29ee31f48ff4","iPhone","screenAdjustedEvent",34.3453736211191,32.6826178112002,21.5181025604364
"380",1423452244.108,"eu-west-1:84c07429-eaa3-4d2a-ac42-29ee31f48ff4","iPhone","screenAdjustedEvent",33.7577834535219,47.5261249142806,-3.29183485880451
"381",1423452244.442,"eu-west-1:84c07429-eaa3-4d2a-ac42-29ee31f48ff4","iPhone","screenAdjustedEvent",40.1798435153012,56.8013308025226,-20.0026277864239
"382",1423452244.775,"eu-west-1:84c07429-eaa3-4d2a-ac42-29ee31f48ff4","iPhone","screenAdjustedEvent",41.0158385209801,57.6047741896641,4.05965092458444
"383",1423452245.11,"eu-west-1:84c07429-eaa3-4d2a-ac42-29ee31f48ff4","iPhone","screenAdjustedEvent",45.1415097912399,41.1696859493103,11.6632542204566
"384",1423452245.444,"eu-west-1:84c07429-eaa3-4d2a-ac42-29ee31f48ff4","iPhone","screenAdjustedEvent",45.0015319157162,26.6464568989841,12.7870225392937
"385",1423452245.78,"eu-west-1:84c07429-eaa3-4d2a-ac42-29ee31f48ff4","iPhone","screenAdjustedEvent",41.0007114923636,14.6584380150483,14.4639783077895
"386",1423452246.118,"eu-west-1:84c07429-eaa3-4d2a-ac42-29ee31f48ff4","iPhone","screenAdjustedEvent",32.8013211467815,31.4997665706691,16.7920096930229
"387",1423452246.453,"eu-west-1:84c07429-eaa3-4d2a-ac42-29ee31f48ff4","iPhone","screenAdjustedEvent",33.125858834902,35.2213068755765,17.8919075297293
"388",1423452246.79,"eu-west-1:84c07429-eaa3-4d2a-ac42-29ee31f48ff4","iPhone","screenAdjustedEvent",32.8246730614222,36.9160811282025,19.9606431436438
"389",1423452247.123,"eu-west-1:84c07429-eaa3-4d2a-ac42-29ee31f48ff4","iPhone","screenAdjustedEvent",27.1861939113582,41.0652425510511,16.7922880490153
"390",1423452247.457,"eu-west-1:84c07429-eaa3-4d2a-ac42-29ee31f48ff4","iPhone","screenAdjustedEvent",26.3749217278649,41.6516972017133,17.0830920941136
"391",1423452247.791,"eu-west-1:84c07429-eaa3-4d2a-ac42-29ee31f48ff4","iPhone","screenAdjustedEvent",25.7315923782443,41.9650669947266,18.1073270190651
"392",1423452248.124,"eu-west-1:84c07429-eaa3-4d2a-ac42-29ee31f48ff4","iPhone","screenAdjustedEvent",25.970393596688,42.1954205252287,17.7795855294082
"393",1423452248.459,"eu-west-1:84c07429-eaa3-4d2a-ac42-29ee31f48ff4","iPhone","screenAdjustedEvent",25.9159299136616,42.362936054631,17.598605403451
"394",1423452248.793,"eu-west-1:84c07429-eaa3-4d2a-ac42-29ee31f48ff4","iPhone","screenAdjustedEvent",25.8172032405767,42.6740836219888,18.1238191192655
"395",1423452249.128,"eu-west-1:84c07429-eaa3-4d2a-ac42-29ee31f48ff4","iPhone","screenAdjustedEvent",25.974936305101,42.9399937943431,18.4945754020902
"396",1423452249.463,"eu-west-1:84c07429-eaa3-4d2a-ac42-29ee31f48ff4","iPhone","screenAdjustedEvent",27.3888077444909,37.5501788057261,20.0693690051784
"397",1423452249.804,"eu-west-1:84c07429-eaa3-4d2a-ac42-29ee31f48ff4","iPhone","screenAdjustedEvent",27.345303404216,40.1469070386128,23.2861597468798
"398",1423452250.137,"eu-west-1:84c07429-eaa3-4d2a-ac42-29ee31f48ff4","iPhone","screenAdjustedEvent",29.9992790754104,37.4572156531173,19.4269836498942
"399",1423452250.472,"eu-west-1:84c07429-eaa3-4d2a-ac42-29ee31f48ff4","iPhone","screenAdjustedEvent",29.1953920190519,39.0452279113828,20.1858896185889
"400",1423452250.806,"eu-west-1:84c07429-eaa3-4d2a-ac42-29ee31f48ff4","iPhone","screenAdjustedEvent",29.8314859425373,38.5947225494587,18.9821320525856
"401",1423452251.141,"eu-west-1:84c07429-eaa3-4d2a-ac42-29ee31f48ff4","iPhone","screenAdjustedEvent",31.8759434587901,40.9996468749466,16.5636686734298
"402",1423452252.134,"eu-west-1:84c07429-eaa3-4d2a-ac42-29ee31f48ff4","iPhone","screenAdjustedEvent",94.5727163169167,22.4693315381232,-6.53537929047174
